<?xml version="1.0" encoding="UTF-8"?>
<includes>

    <variable name="Label_Splash">
        <value condition="String.IsEmpty(Window(Home).Property(TMDbHelper.ServiceStarted)) + !Skin.HasSetting(DisableTMDbHelperSplash)">$LOCALIZE[31306]...</value>
        <value condition="String.IsEmpty(Window(Home).Property(SkinSplashStarted)) | Window.IsVisible(1151)">$LOCALIZE[31349]...</value>
        <value condition="Integer.IsEqual(Container(301).NumItems,0) | Container(301).IsUpdating">$LOCALIZE[31562]...</value>
        <value>$LOCALIZE[31563]</value>
    </variable>

    <variable name="Label_ColorValue">
        <value condition="String.IsEqual(Window(Home).Property(colorpick),$LOCALIZE[31568]) + !String.IsEmpty(Skin.String(focuscolor.name))">$INFO[Skin.String(focuscolor.name)]</value>
        <value condition="String.IsEqual(Window(Home).Property(colorpick),$LOCALIZE[31569]) + !String.IsEmpty(Skin.String(gradientcolor.name))">$INFO[Skin.String(gradientcolor.name)]</value>
        <!-- <value condition="String.IsEqual(Window(Home).Property(colorpick),Overlay) + !String.IsEmpty(Skin.String(overlaycolor.name))">$INFO[Skin.String(overlaycolor.name)]</value> -->
        <!-- <value condition="String.IsEqual(Window(Home).Property(colorpick),Watched) + !String.IsEmpty(Skin.String(watchedprogresscolor.name))">$INFO[Skin.String(watchedprogresscolor.name)]</value> -->
        <value>$LOCALIZE[571]</value>
    </variable>

    <variable name="Label_PVRGuide_Title">
        <value condition="!String.IsEmpty(ListItem.Title)">$INFO[ListItem.Title]</value>
        <value condition="!String.IsEmpty(ListItem.ChannelName)">$INFO[ListItem.ChannelName]</value>
    </variable>

    <variable name="Label_PVRGuide_SubTitle">
        <value>$INFO[ListItem.StartTime,[COLOR=main_fg_100],[/COLOR]]$INFO[ListItem.EndTime,[COLOR=main_fg_100]  -  ,[/COLOR]]$VAR[Label_SubTitle,  |  ]</value>
    </variable>

    <variable name="Label_PVRGuide_ChannelNumber">
        <value condition="Skin.HasSetting(PVRGuide.ChannelNumber)">$INFO[ListItem.ChannelNumberLabel]</value>
    </variable>

    <variable name="Label_TimersSubLabel">
        <value condition="[Window.IsActive(tvtimerrules) | Window.IsActive(radiotimerrules)] + !ListItem.HasTimerSchedule">$INFO[ListItem.Timertype]</value>
        <value>$INFO[ListItem.EpisodeName]</value>
    </variable>

    <variable name="Label_ChannelListEPGIconVar">
        <value condition="!String.IsEmpty(Listitem.EpgEventIcon)">$INFO[ListItem.EpgEventIcon]</value>
        <value>$INFO[ListItem.Icon]</value>
    </variable>

    <variable name="Label_SeasonEpisodeLabel">
        <value condition="String.IsEmpty(ListItem.EpisodeName)">$INFO[ListItem.Season,S]$INFO[ListItem.Episode,E]</value>
        <value>$INFO[ListItem.Season,S]$INFO[ListItem.Episode,E,: ]</value>
    </variable>

    <variable name="Label_SeasonEpisodeLabel_NoColon">
        <value condition="String.IsEmpty(ListItem.EpisodeName)">$INFO[ListItem.Season,S]$INFO[ListItem.Episode,E]</value>
        <value>$INFO[ListItem.Season,S]$INFO[ListItem.Episode,E]</value>
    </variable>

    <variable name="Label_Info_PlayButton">
        <value condition="ListItem.IsFolder">$LOCALIZE[1024]</value>
        <value>$LOCALIZE[208]</value>
    </variable>

    <variable name="Label_SmallLandscapeWidget_Sublabel">
        <value condition="!String.IsEmpty(ListItem.ChannelName)">$INFO[ListItem.Title]</value>
        <value condition="!String.IsEmpty(ListItem.Property(NextDay))">$INFO[ListItem.Property(NextDay)]$INFO[ListItem.Property(ShortTime), @ ,]</value>
        <value condition="!String.IsEmpty(ListItem.TvShowTitle) + !String.IsEqual(ListItem.Label,ListItem.TvShowTitle)">$INFO[ListItem.TvShowTitle]</value>
        <value condition="!String.IsEmpty(ListItem.Studio) + [String.IsEqual(ListItem.DBType,video) | [String.IsEmpty(ListItem.DBType) + String.IsEmpty(ListItem.Genre)]]">$INFO[ListItem.Studio]$VAR[Label_Duration, - ,]</value>
        <value condition="!String.IsEmpty(ListItem.Artist) + !String.IsEqual(ListItem.Label,ListItem.Artist)">$INFO[ListItem.Artist]</value>
        <value>$INFO[ListItem.Genre]</value>
    </variable>

    <variable name="Label_SmallLandscapeWidget_Sublabel2">
        <value condition="!String.IsEmpty(ListItem.Rating)">$INFO[ListItem.Rating]</value>
        <value>$INFO[ListItem.Premiered]</value>
    </variable>

    <variable name="Label_Player_Plot">
        <value condition="!String.IsEmpty(VideoPlayer.Plot)">$INFO[VideoPlayer.Plot]</value>
    </variable>

    <variable name="Label_SkinSettings_HomeLayout">
        <value condition="Skin.HasSetting(HomeMultiFlixView)">$LOCALIZE[31584]</value>
        <value condition="Skin.HasSetting(HomeMultiNetflix)">$LOCALIZE[31564]</value>
        <value condition="Skin.HasSetting(HomeMultiVertical)">$LOCALIZE[31541]</value>
        <value condition="Skin.HasSetting(HomeMultiHorizontal)">$LOCALIZE[31542]</value>
        <value condition="Skin.HasSetting(HomeBasic)">$LOCALIZE[31551]</value>
    </variable>

    <variable name="Label_SkinSettings_WidgetMovement">
        <value condition="Skin.HasSetting(FixedWidgets)">$LOCALIZE[31548]</value>
        <value>$LOCALIZE[31549]</value>
    </variable>

    <variable name="Label_SkinSettings_ExtendedNotification">
        <value condition="Skin.HasSetting(ExtendedNotification)">$LOCALIZE[31516]</value>
        <value>$LOCALIZE[31514]</value>
    </variable>

    <variable name="Label_SkinSettings_CornerIcon">
        <value condition="String.IsEqual(Skin.String(CornerIcon),Settings)">$LOCALIZE[5]</value>
        <value condition="String.IsEqual(Skin.String(CornerIcon),Power)">$LOCALIZE[33060]</value>
        <value condition="String.IsEqual(Skin.String(CornerIcon),Home)">$LOCALIZE[10000]</value>
        <value condition="String.IsEqual(Skin.String(CornerIcon),Kodi)">Kodi</value>
        <value>$LOCALIZE[31550]</value>
    </variable>

    <variable name="Label_SkinSettings_MenuStyle">
        <value condition="Skin.HasSetting(VerticalIconsOnly)">$LOCALIZE[31565]</value>
        <value condition="Skin.HasSetting(HomeMulti) + !Skin.HasSetting(HomeMultiHorizontal) + Skin.HasSetting(HomeIcons)">$LOCALIZE[31543]</value>
        <value condition="Skin.HasSetting(HomeMulti) + !Skin.HasSetting(HomeMultiHorizontal) + !Skin.HasSetting(HomeIcons)">$LOCALIZE[31544]</value>
        <value condition="Skin.HasSetting(HomeIcons)">$LOCALIZE[31545]</value>
        <value condition="Skin.HasSetting(HomeTextAutoWidth)">$LOCALIZE[31546]</value>
        <value>$LOCALIZE[31547]</value>
    </variable>

    <variable name="Label_SkinSettings_Flix_Background_Blur">
        <value condition="Skin.HasSetting(EnableBlur.FlixViews)">$LOCALIZE[31512]</value>
        <value condition="!Skin.HasSetting(EnableBlur.FlixViews) + !Skin.HasSetting(FlixViews.Simple)">$LOCALIZE[31513]</value>
        <value condition="Skin.HasSetting(FlixViews.Simple)">$LOCALIZE[31514]</value>
    </variable>

    <variable name="Label_SkinSettings_SelectboxStyle">
        <value condition="Skin.HasSetting(SelectBox.Thin)">$LOCALIZE[31558]</value>
        <value>$LOCALIZE[31557]</value>
    </variable>

    <variable name="Label_SkinSettings_SelectionHighlight">
        <value condition="String.IsEqual(Skin.String(PosterHighlight),Mix)">$LOCALIZE[31519]</value>
        <value condition="String.IsEqual(Skin.String(PosterHighlight),White)">$LOCALIZE[31520]</value>
        <value condition="String.IsEqual(Skin.String(PosterHighlight),Highlight)">$LOCALIZE[31521]</value>
        <value>$LOCALIZE[31519]</value>
    </variable>

    <variable name="Label_SkinSettings_StartupImage">
        <value condition="String.IsEmpty(Skin.String(StartupImage))">$LOCALIZE[571]</value>
        <value>$INFO[Skin.String(StartupImage)]</value>
    </variable>

    <variable name="Label_SkinSettings_BackgroundFade">
        <value condition="!String.IsEmpty(Skin.String(Background_Fade))">$INFO[Skin.String(Background_Fade),,%]</value>
        <value>20%</value>
    </variable>

    <variable name="Label_ListItem_AudioChannels">
        <value condition="Integer.IsEqual(ListItem.AudioChannels,10)">9.1</value>
        <value condition="Integer.IsEqual(ListItem.AudioChannels,9)">8.1</value>
        <value condition="Integer.IsEqual(ListItem.AudioChannels,8)">7.1</value>
        <value condition="Integer.IsEqual(ListItem.AudioChannels,7)">6.1</value>
        <value condition="Integer.IsEqual(ListItem.AudioChannels,6)">5.1</value>
        <value condition="Integer.IsEqual(ListItem.AudioChannels,5)">4.1</value>
        <value condition="Integer.IsEqual(ListItem.AudioChannels,4)">4.0</value>
        <value condition="Integer.IsEqual(ListItem.AudioChannels,3)">2.1</value>
        <value condition="Integer.IsEqual(ListItem.AudioChannels,2)">2.0</value>
        <value condition="Integer.IsEqual(ListItem.AudioChannels,1)">Mono</value>
        <value>$INFO[ListItem.AudioChannels,,.0]</value>
    </variable>
    <variable name="Label_VideoPlayer_AudioChannels">
        <value condition="Integer.IsEqual(VideoPlayer.AudioChannels,10)">9.1</value>
        <value condition="Integer.IsEqual(VideoPlayer.AudioChannels,9)">8.1</value>
        <value condition="Integer.IsEqual(VideoPlayer.AudioChannels,8)">7.1</value>
        <value condition="Integer.IsEqual(VideoPlayer.AudioChannels,7)">6.1</value>
        <value condition="Integer.IsEqual(VideoPlayer.AudioChannels,6)">5.1</value>
        <value condition="Integer.IsEqual(VideoPlayer.AudioChannels,5)">4.1</value>
        <value condition="Integer.IsEqual(VideoPlayer.AudioChannels,4)">4.0</value>
        <value condition="Integer.IsEqual(VideoPlayer.AudioChannels,3)">2.1</value>
        <value condition="Integer.IsEqual(VideoPlayer.AudioChannels,2)">2.0</value>
        <value condition="Integer.IsEqual(VideoPlayer.AudioChannels,1)">Mono</value>
        <value>$INFO[VideoPlayer.AudioChannels,,.0]</value>
    </variable>

    <variable name="Label_AudioCodec">
        <value condition="String.IsEqual(ListItem.AudioCodec,aac) | [Window.IsActive(fullscreenvideo) + String.IsEqual(VideoPlayer.AudioCodec,aac)] | [Window.IsActive(visualisation) + String.IsEqual(MusicPlayer.Codec,aac)]">AAC</value>
        <value condition="String.IsEqual(ListItem.AudioCodec,aac_lc) | [Window.IsActive(fullscreenvideo) + String.IsEqual(VideoPlayer.AudioCodec,aac_lc)] | [Window.IsActive(visualisation) + String.IsEqual(MusicPlayer.Codec,aac_lc)]">AAC-LC</value>
        <value condition="String.IsEqual(ListItem.AudioCodec,aac_ssr) | [Window.IsActive(fullscreenvideo) + String.IsEqual(VideoPlayer.AudioCodec,aac_ssr)] | [Window.IsActive(visualisation) + String.IsEqual(MusicPlayer.Codec,aac_ssr)]">AAC-SSR</value>
        <value condition="String.IsEqual(ListItem.AudioCodec,aac_ltp) | [Window.IsActive(fullscreenvideo) + String.IsEqual(VideoPlayer.AudioCodec,aac_ltp)] | [Window.IsActive(visualisation) + String.IsEqual(MusicPlayer.Codec,aac_ltp)]">AAC-LTP</value>
        <value condition="String.IsEqual(ListItem.AudioCodec,he_aac_v2) | [Window.IsActive(fullscreenvideo) + String.IsEqual(VideoPlayer.AudioCodec,he_aac_v2)] | [Window.IsActive(visualisation) + String.IsEqual(MusicPlayer.Codec,he_aac_v2)]">HE-AACv2</value>
        <value condition="String.IsEqual(ListItem.AudioCodec,he_aac) | [Window.IsActive(fullscreenvideo) + String.IsEqual(VideoPlayer.AudioCodec,he_aac)] | [Window.IsActive(visualisation) + String.IsEqual(MusicPlayer.Codec,he_aac)]">HE-AAC</value>
        <value condition="String.IsEqual(ListItem.AudioCodec,aac_latm) | [Window.IsActive(fullscreenvideo) + String.IsEqual(VideoPlayer.AudioCodec,aac_latm)] | [Window.IsActive(visualisation) + String.IsEqual(MusicPlayer.Codec,aac_latm)]">AAC</value>
        <value condition="String.IsEqual(ListItem.AudioCodec,ac3) | [Window.IsActive(fullscreenvideo) + String.IsEqual(VideoPlayer.AudioCodec,ac3)] | [Window.IsActive(visualisation) + String.IsEqual(MusicPlayer.Codec,ac3)]">Dolby Digital</value>
        <value condition="String.IsEqual(ListItem.AudioCodec,aif) | [Window.IsActive(fullscreenvideo) + String.IsEqual(VideoPlayer.AudioCodec,aif)] | [Window.IsActive(visualisation) + String.IsEqual(MusicPlayer.Codec,aif)]">AIFF</value>
        <value condition="String.IsEqual(ListItem.AudioCodec,aifc) | [Window.IsActive(fullscreenvideo) + String.IsEqual(VideoPlayer.AudioCodec,aifc)] | [Window.IsActive(visualisation) + String.IsEqual(MusicPlayer.Codec,aifc)]">AIFF</value>
        <value condition="String.IsEqual(ListItem.AudioCodec,aiff) | [Window.IsActive(fullscreenvideo) + String.IsEqual(VideoPlayer.AudioCodec,aiff)] | [Window.IsActive(visualisation) + String.IsEqual(MusicPlayer.Codec,aiff)]">AIFF</value>
        <value condition="String.IsEqual(ListItem.AudioCodec,alac) | [Window.IsActive(fullscreenvideo) + String.IsEqual(VideoPlayer.AudioCodec,alac)] | [Window.IsActive(visualisation) + String.IsEqual(MusicPlayer.Codec,alac)]">ALAC</value>
        <value condition="String.IsEqual(ListItem.AudioCodec,ape) | [Window.IsActive(fullscreenvideo) + String.IsEqual(VideoPlayer.AudioCodec,ape)] | [Window.IsActive(visualisation) + String.IsEqual(MusicPlayer.Codec,ape)]">APE</value>
        <value condition="String.IsEqual(ListItem.AudioCodec,avc) | [Window.IsActive(fullscreenvideo) + String.IsEqual(VideoPlayer.AudioCodec,avc)] | [Window.IsActive(visualisation) + String.IsEqual(MusicPlayer.Codec,avc)]">AVC</value>
        <value condition="String.IsEqual(ListItem.AudioCodec,cdda) | [Window.IsActive(fullscreenvideo) + String.IsEqual(VideoPlayer.AudioCodec,cdda)] | [Window.IsActive(visualisation) + String.IsEqual(MusicPlayer.Codec,cdda)]">CDDA</value>
        <value condition="String.IsEqual(ListItem.AudioCodec,dca) | [Window.IsActive(fullscreenvideo) + String.IsEqual(VideoPlayer.AudioCodec,dca)] | [Window.IsActive(visualisation) + String.IsEqual(MusicPlayer.Codec,dca)]">DTS</value>
        <value condition="String.IsEqual(ListItem.AudioCodec,dolbydigital) | [Window.IsActive(fullscreenvideo) + String.IsEqual(VideoPlayer.AudioCodec,dolbydigital)] | [Window.IsActive(visualisation) + String.IsEqual(MusicPlayer.Codec,dolbydigital)]">Dolby Digital</value>
        <value condition="String.IsEqual(ListItem.AudioCodec,dts) | [Window.IsActive(fullscreenvideo) + String.IsEqual(VideoPlayer.AudioCodec,dts)] | [Window.IsActive(visualisation) + String.IsEqual(MusicPlayer.Codec,dts)]">DTS</value>
        <value condition="String.IsEqual(ListItem.AudioCodec,dtshd_hra) | [Window.IsActive(fullscreenvideo) + String.IsEqual(VideoPlayer.AudioCodec,dtshd_hra)] | [Window.IsActive(visualisation) + String.IsEqual(MusicPlayer.Codec,dtshd_hra)]">DTS-HD HRA</value>
        <value condition="String.IsEqual(ListItem.AudioCodec,dtshd_ma) | [Window.IsActive(fullscreenvideo) + String.IsEqual(VideoPlayer.AudioCodec,dtshd_ma)] | [Window.IsActive(visualisation) + String.IsEqual(MusicPlayer.Codec,dtshd_ma)]">DTS-HD MA</value>
        <value condition="String.IsEqual(ListItem.AudioCodec,dtsma) | [Window.IsActive(fullscreenvideo) + String.IsEqual(VideoPlayer.AudioCodec,dtsma)] | [Window.IsActive(visualisation) + String.IsEqual(MusicPlayer.Codec,dtsma)]">DTS-HD MA</value>
        <value condition="String.IsEqual(ListItem.AudioCodec,dtshd_ma_x) | [Window.IsActive(fullscreenvideo) + String.IsEqual(VideoPlayer.AudioCodec,dtshd_ma_x)] | [Window.IsActive(visualisation) + String.IsEqual(MusicPlayer.Codec,dtshd_ma_x)]">DTS-X</value>
        <value condition="String.IsEqual(ListItem.AudioCodec,dtshd_ma_x_imax) | [Window.IsActive(fullscreenvideo) + String.IsEqual(VideoPlayer.AudioCodec,dtshd_ma_x_imax)] | [Window.IsActive(visualisation) + String.IsEqual(MusicPlayer.Codec,dtshd_ma_x_imax)]">DTS:X IMAX</value>
        <value condition="String.IsEqual(ListItem.AudioCodec,eac3) | [Window.IsActive(fullscreenvideo) + String.IsEqual(VideoPlayer.AudioCodec,eac3)] | [Window.IsActive(visualisation) + String.IsEqual(MusicPlayer.Codec,eac3)]">Dolby Digital+</value>
        <value condition="String.IsEqual(ListItem.AudioCodec,eac3_ddp_atmos) | [Window.IsActive(fullscreenvideo) + String.IsEqual(VideoPlayer.AudioCodec,eac3_ddp_atmos)] | [Window.IsActive(visualisation) + String.IsEqual(MusicPlayer.Codec,eac3_ddp_atmos)]">DD+ Atmos</value>
        <value condition="String.IsEqual(ListItem.AudioCodec,flac) | [Window.IsActive(fullscreenvideo) + String.IsEqual(VideoPlayer.AudioCodec,flac)] | [Window.IsActive(visualisation) + String.IsEqual(MusicPlayer.Codec,flac)]">FLAC</value>
        <value condition="String.IsEqual(ListItem.AudioCodec,mp1) | [Window.IsActive(fullscreenvideo) + String.IsEqual(VideoPlayer.AudioCodec,mp1)] | [Window.IsActive(visualisation) + String.IsEqual(MusicPlayer.Codec,mp1)]">MP1</value>
        <value condition="String.IsEqual(ListItem.AudioCodec,mp2) | [Window.IsActive(fullscreenvideo) + String.IsEqual(VideoPlayer.AudioCodec,mp2)] | [Window.IsActive(visualisation) + String.IsEqual(MusicPlayer.Codec,mp2)]">MP2</value>
        <value condition="String.IsEqual(ListItem.AudioCodec,mp3) | [Window.IsActive(fullscreenvideo) + String.IsEqual(VideoPlayer.AudioCodec,mp3)] | [Window.IsActive(visualisation) + String.IsEqual(MusicPlayer.Codec,mp3)]">MP3</value>
        <value condition="String.IsEqual(ListItem.AudioCodec,mp3float) | [Window.IsActive(fullscreenvideo) + String.IsEqual(VideoPlayer.AudioCodec,mp3float)] | [Window.IsActive(visualisation) + String.IsEqual(MusicPlayer.Codec,mp3float)]">MP3</value>
        <value condition="String.IsEqual(ListItem.AudioCodec,ogg) | [Window.IsActive(fullscreenvideo) + String.IsEqual(VideoPlayer.AudioCodec,ogg)] | [Window.IsActive(visualisation) + String.IsEqual(MusicPlayer.Codec,ogg)]">OGG</value>
        <value condition="String.IsEqual(ListItem.AudioCodec,opus) | [Window.IsActive(fullscreenvideo) + String.IsEqual(VideoPlayer.AudioCodec,opus)] | [Window.IsActive(visualisation) + String.IsEqual(MusicPlayer.Codec,opus)]">OPUS</value>
        <value condition="String.IsEqual(ListItem.AudioCodec,pcm) | [Window.IsActive(fullscreenvideo) + String.IsEqual(VideoPlayer.AudioCodec,pcm)] | [Window.IsActive(visualisation) + String.IsEqual(MusicPlayer.Codec,pcm)]">PCM</value>
        <value condition="String.IsEqual(ListItem.AudioCodec,pcm_bluray) | [Window.IsActive(fullscreenvideo) + String.IsEqual(VideoPlayer.AudioCodec,pcm_bluray)] | [Window.IsActive(visualisation) + String.IsEqual(MusicPlayer.Codec,pcm_bluray)]">PCM</value>
        <value condition="String.IsEqual(ListItem.AudioCodec,pcm_s16le) | [Window.IsActive(fullscreenvideo) + String.IsEqual(VideoPlayer.AudioCodec,pcm_s16le)] | [Window.IsActive(visualisation) + String.IsEqual(MusicPlayer.Codec,pcm_s16le)]">PCM</value>
        <value condition="String.IsEqual(ListItem.AudioCodec,pcm_s24le) | [Window.IsActive(fullscreenvideo) + String.IsEqual(VideoPlayer.AudioCodec,pcm_s24le)] | [Window.IsActive(visualisation) + String.IsEqual(MusicPlayer.Codec,pcm_s24le)]">PCM</value>
        <value condition="String.IsEqual(ListItem.AudioCodec,truehd) | [Window.IsActive(fullscreenvideo) + String.IsEqual(VideoPlayer.AudioCodec,truehd)] | [Window.IsActive(visualisation) + String.IsEqual(MusicPlayer.Codec,truehd)]">Dolby TrueHD</value>
        <value condition="String.IsEqual(ListItem.AudioCodec,truehd_atmos) | [Window.IsActive(fullscreenvideo) + String.IsEqual(VideoPlayer.AudioCodec,truehd_atmos)] | [Window.IsActive(visualisation) + String.IsEqual(MusicPlayer.Codec,truehd_atmos)]">TrueHD Atmos</value>
        <value condition="String.IsEqual(ListItem.AudioCodec,vorbis) | [Window.IsActive(fullscreenvideo) + String.IsEqual(VideoPlayer.AudioCodec,vorbis)] | [Window.IsActive(visualisation) + String.IsEqual(MusicPlayer.Codec,vorbis)]">Vorbis</value>
        <value condition="String.IsEqual(ListItem.AudioCodec,wav) | [Window.IsActive(fullscreenvideo) + String.IsEqual(VideoPlayer.AudioCodec,wav)] | [Window.IsActive(visualisation) + String.IsEqual(MusicPlayer.Codec,wav)]">WAV</value>
        <value condition="String.IsEqual(ListItem.AudioCodec,wavpack) | [Window.IsActive(fullscreenvideo) + String.IsEqual(VideoPlayer.AudioCodec,wavpack)] | [Window.IsActive(visualisation) + String.IsEqual(MusicPlayer.Codec,wavpack)]">WAVP</value>
        <value condition="String.IsEqual(ListItem.AudioCodec,wmapro) | [Window.IsActive(fullscreenvideo) + String.IsEqual(VideoPlayer.AudioCodec,wmapro)] | [Window.IsActive(visualisation) + String.IsEqual(MusicPlayer.Codec,wmapro)]">WMA-PRO</value>
        <value condition="String.IsEqual(ListItem.AudioCodec,wmav2) | [Window.IsActive(fullscreenvideo) + String.IsEqual(VideoPlayer.AudioCodec,wmav2)] | [Window.IsActive(visualisation) + String.IsEqual(MusicPlayer.Codec,wmav2)]">WMA</value>
        <value condition="Window.IsActive(fullscreenvideo)">$INFO[VideoPlayer.AudioCodec]</value>
        <value condition="Window.IsActive(visualisation)">$INFO[MusicPlayer.Codec]</value>
        <value>$INFO[ListItem.AudioCodec]</value>
    </variable>

    <variable name="Label_ListItem_VideoCodec">
        <value condition="String.IsEqual(ListItem.VideoCodec,av1)">AV1</value>
        <value condition="String.IsEqual(ListItem.VideoCodec,avc1)">AVC-1</value>
        <value condition="String.IsEqual(ListItem.VideoCodec,div3)">DivX</value>
        <value condition="String.IsEqual(ListItem.VideoCodec,divx)">DivX</value>
        <value condition="String.IsEqual(ListItem.VideoCodec,dx50)">DivX</value>
        <value condition="String.IsEqual(ListItem.VideoCodec,flv)">FLV</value>
        <value condition="String.IsEqual(ListItem.VideoCodec,h264)">H.264</value>
        <value condition="String.IsEqual(ListItem.VideoCodec,hev1)">H.265</value>
        <value condition="String.IsEqual(ListItem.VideoCodec,hevc)">H.265</value>
        <value condition="String.IsEqual(ListItem.VideoCodec,hvc1)">H.265</value>
        <value condition="String.IsEqual(ListItem.VideoCodec,mpeg1)">MPEG-1</value>
        <value condition="String.IsEqual(ListItem.VideoCodec,mpeg2)">MPEG-2</value>
        <value condition="String.IsEqual(ListItem.VideoCodec,mpeg2video)">MPEG-2</value>
        <value condition="String.IsEqual(ListItem.VideoCodec,mp4v)">MPEG-4</value>
        <value condition="String.IsEqual(ListItem.VideoCodec,mpeg4)">MPEG-4</value>
        <value condition="String.IsEqual(ListItem.VideoCodec,theora)">Theora</value>
        <value condition="String.IsEqual(ListItem.VideoCodec,vc1)">VC-1</value>
        <value condition="String.IsEqual(ListItem.VideoCodec,vc-1)">VC-1</value>
        <value condition="String.IsEqual(ListItem.VideoCodec,vp8)">VP8</value>
        <value condition="String.IsEqual(ListItem.VideoCodec,vp9)">VP9</value>
        <value condition="String.IsEqual(ListItem.VideoCodec,wmv)">WMV</value>
        <value condition="String.IsEqual(ListItem.VideoCodec,wmv3)">WMV</value>
        <value condition="String.IsEqual(ListItem.VideoCodec,wvc1)">VC-1</value>
        <value condition="String.IsEqual(ListItem.VideoCodec,xvid)">XviD</value>
        <value>$INFO[ListItem.VideoCodec]</value>
    </variable>
    <variable name="Label_VideoPlayer_VideoCodec">
        <value condition="String.IsEqual(VideoPlayer.VideoCodec,av1)">AV1</value>
        <value condition="String.IsEqual(VideoPlayer.VideoCodec,avc1)">AVC-1</value>
        <value condition="String.IsEqual(VideoPlayer.VideoCodec,div3)">DivX</value>
        <value condition="String.IsEqual(VideoPlayer.VideoCodec,divx)">DivX</value>
        <value condition="String.IsEqual(VideoPlayer.VideoCodec,dx50)">DivX</value>
        <value condition="String.IsEqual(VideoPlayer.VideoCodec,flv)">FLV</value>
        <value condition="String.IsEqual(VideoPlayer.VideoCodec,h264)">H.264</value>
        <value condition="String.IsEqual(VideoPlayer.VideoCodec,hev1)">H.265</value>
        <value condition="String.IsEqual(VideoPlayer.VideoCodec,hevc)">H.265</value>
        <value condition="String.IsEqual(VideoPlayer.VideoCodec,hvc1)">H.265</value>
        <value condition="String.IsEqual(VideoPlayer.VideoCodec,mpeg1)">MPEG-1</value>
        <value condition="String.IsEqual(VideoPlayer.VideoCodec,mpeg2)">MPEG-2</value>
        <value condition="String.IsEqual(VideoPlayer.VideoCodec,mpeg2video)">MPEG-2</value>
        <value condition="String.IsEqual(VideoPlayer.VideoCodec,mp4v)">MPEG-4</value>
        <value condition="String.IsEqual(VideoPlayer.VideoCodec,mpeg4)">MPEG-4</value>
        <value condition="String.IsEqual(VideoPlayer.VideoCodec,theora)">Theora</value>
        <value condition="String.IsEqual(VideoPlayer.VideoCodec,vc1)">VC-1</value>
        <value condition="String.IsEqual(VideoPlayer.VideoCodec,vc-1)">VC-1</value>
        <value condition="String.IsEqual(VideoPlayer.VideoCodec,vp8)">VP8</value>
        <value condition="String.IsEqual(VideoPlayer.VideoCodec,vp9)">VP9</value>
        <value condition="String.IsEqual(VideoPlayer.VideoCodec,wmv)">WMV</value>
        <value condition="String.IsEqual(VideoPlayer.VideoCodec,wmv3)">WMV</value>
        <value condition="String.IsEqual(VideoPlayer.VideoCodec,wvc1)">VC-1</value>
        <value condition="String.IsEqual(VideoPlayer.VideoCodec,xvid)">XviD</value>
        <value>$INFO[VideoPlayer.VideoCodec]</value>
    </variable>

    <variable name="Label_HDRType">
        <value condition="String.IsEqual(ListItem.HdrType,dolbyvision) | [Window.IsActive(fullscreenvideo) + String.IsEqual(VideoPlayer.HdrType,dolbyvision)]">DV</value>
        <value condition="[String.IsEqual(ListItem.HdrType,hdr10) + String.Contains(ListItem.FileNameAndPath,hdr10plus)] | [Window.IsActive(fullscreenvideo) + String.IsEqual(VideoPlayer.HdrType,hdr10) + String.Contains(Player.FileNameAndPath,hdr10plus)]">HDR10+</value>
        <value condition="String.IsEqual(ListItem.HdrType,hdr10) | [Window.IsActive(fullscreenvideo) + String.IsEqual(VideoPlayer.HdrType,hdr10)]">HDR10</value>
        <value condition="String.IsEqual(ListItem.HdrType,hlg) | [Window.IsActive(fullscreenvideo) + String.IsEqual(VideoPlayer.HdrType,hlg)]">HLG</value>
        <value condition="Window.IsActive(fullscreenvideo)">$INFO[VideoPlayer.HdrType]</value>
        <value>$INFO[ListItem.HdrType]</value>
    </variable>

    <variable name="Label_ListItem_VideoResolution">
        <value condition="String.IsEqual(ListItem.VideoResolution,480)">SD</value>
        <value condition="String.IsEqual(ListItem.VideoResolution,540)">SD</value>
        <value condition="String.IsEqual(ListItem.VideoResolution,576)">SD</value>
        <value condition="String.IsEqual(ListItem.VideoResolution,720)">HD</value>
        <value condition="String.IsEqual(ListItem.VideoResolution,1080)">HD</value>
        <value condition="String.IsEqual(ListItem.VideoResolution,4K)">UHD</value>
        <value condition="String.IsEqual(ListItem.VideoResolution,8K)">UHD</value>
    </variable>

    <variable name="Label_SkinShortcuts_SubmenuWidget">
        <value condition="String.EndsWith(Window.Property(groupname),.1) | String.IsEqual(Window.Property(groupname),searchmenu)">$LOCALIZE[31011]</value>
        <value>$LOCALIZE[31038] - $LOCALIZE[31011]</value>
    </variable>

    <variable name="Label_WidgetName">
        <value condition="!String.IsEmpty(Container(302).ListItem.Property(widgetPath))">$INFO[Container(302).ListItem.Property(widgetName)]</value>
        <value condition="!String.IsEmpty(Container(301).ListItem.Property(widgetPath))">$INFO[Container(301).ListItem.Property(widgetName)]</value>
        <value>$LOCALIZE[31105]</value>
    </variable>

    <variable name="Label_List_Left">
        <value condition="[Container.Content(episodes) | String.IsEqual(ListItem.DBType,episode)] + String.Contains(ListItem.Episode,S)">$INFO[ListItem.Season]$INFO[ListItem.Episode]</value>
        <value condition="[Container.Content(episodes) | String.IsEqual(ListItem.DBType,episode)] + Integer.IsLess(ListItem.Episode,10) + Integer.IsLess(ListItem.Season,10)">$INFO[ListItem.Season,0,]$INFO[ListItem.Episode,x0,]</value>
        <value condition="[Container.Content(episodes) | String.IsEqual(ListItem.DBType,episode)] + Integer.IsLess(ListItem.Episode,10) + !Integer.IsLess(ListItem.Season,10)">$INFO[ListItem.Season]$INFO[ListItem.Episode,x0,]</value>
        <value condition="[Container.Content(episodes) | String.IsEqual(ListItem.DBType,episode)] + !Integer.IsLess(ListItem.Episode,10) + Integer.IsLess(ListItem.Season,10)">$INFO[ListItem.Season,0,]$INFO[ListItem.Episode,x,]</value>
        <value condition="[Container.Content(episodes) | String.IsEqual(ListItem.DBType,episode)] + !Integer.IsLess(ListItem.Episode,10) + !Integer.IsLess(ListItem.Season,10)">$INFO[ListItem.Season]$INFO[ListItem.Episode,x,]</value>
        <value>$INFO[ListItem.Year]</value>
    </variable>
    <variable name="Label_List_Title">
        <value condition="!String.IsEqual(ListItem.Title,ListItem.TvShowTitle) + !String.IsEqual(Container.ShowTitle,ListItem.TvShowTitle) + !String.IsEmpty(ListItem.Title) + !String.IsEmpty(ListItem.TvShowTitle)">$INFO[ListItem.TvShowTitle,, - ]$INFO[ListItem.Title]</value>
        <value condition="!String.IsEmpty(ListItem.Title)">$INFO[ListItem.Title]</value>
        <value>$INFO[ListItem.Label]</value>
    </variable>
    <variable name="Label_List_Right">
        <value condition="!Skin.HasSetting(ItemDuration_ListView) + !String.IsEmpty(ListItem.Rating)">$INFO[ListItem.Rating]</value>
        <value condition="Skin.HasSetting(ItemDuration_ListView) + !String.IsEmpty(ListItem.Duration)">$INFO[ListItem.Duration]</value>
        <value>$INFO[ListItem.Label2]</value>
    </variable>

    <variable name="Label_IconWall">
        <value condition="Container.Content(directors)">$INFO[ListItem.Appearances,, item(s)]</value>
        <value>$INFO[ListItem.Label]</value>
    </variable>

    <variable name="Label_Header_Center">
        <value condition="Skin.HasSetting(EnableClearlogo) + [String.IsEqual(ListItem.DBType,movie) | String.IsEqual(ListItem.DBType,set) | String.IsEqual(ListItem.DBType,tvshow) | String.IsEqual(ListItem.DBType,season)]">$INFO[ListItem.Title]</value>
        <value condition="Window.IsVisible(DialogVideoInfo.xml) | Window.IsVisible(DialogMusicInfo.xml)">$LOCALIZE[19033]</value>
        <value condition="!String.IsEmpty(Window.Property(Header_Center_Text))">$INFO[Window.Property(Header_Center_Text)]</value>
        <value condition="Window.IsVisible(MyWeather.xml)">$INFO[Weather.Location]</value>
        <value condition="Window.IsVisible(MyPlaylist.xml) + Player.HasMedia">$LOCALIZE[31114]</value>
        <value condition="Window.IsVisible(MyPlaylist.xml) + !Player.HasMedia">$LOCALIZE[31430]</value>
        <value condition="Window.IsVisible(MyPVRGuide.xml)">$INFO[Control.GetLabel(30)]</value>
        <value condition="Window.IsVisible(Settings.xml)">$LOCALIZE[31069]</value>
        <value condition="Window.IsVisible(SettingsCategory.xml) | Window.IsVisible(SkinSettings.xml) | Window.IsVisible(SettingsProfile.xml) | Window.IsVisible(SettingsSystemInfo.xml) | Window.IsVisible(eventlog)">$VAR[Label_Settings_Header]</value>
        <value condition="Window.IsVisible(Home) + Skin.HasSetting(HomeMulti) + [Control.HasFocus(302) | ControlGroup(3000).HasFocus()]">$INFO[Container(301).ListItem.Label]</value>
        <value condition="Window.IsVisible(Home) + Skin.HasSetting(HomeMulti)">$INFO[Container(301).ListItem.Label]</value>
        <value condition="Window.IsVisible(Home)">$LOCALIZE[1034]</value>
        <value condition="Container.Content() + String.StartsWith(Container.FolderPath,library://video/movies/)">$LOCALIZE[14022]</value>
        <value condition="[Container.Content(seasons) | Container.Content(episodes)] + !String.IsEmpty(Container.ShowTitle)">$INFO[Container.ShowTitle]</value>
        <value condition="!String.IsEmpty(Container.FolderName) + !Integer.IsGreaterOrEqual(Container.FolderName,1)">$INFO[Container.FolderName]</value>
        <value condition="Window.IsVisible(script-NextAired-TVGuide.xml) | Window.IsVisible(script-NextAired-TVGuide2.xml)">$INFO[System.Date]</value>
        <value condition="Window.IsVisible(MyFavourites.xml)">$LOCALIZE[10060]</value>
    </variable>

    <variable name="Label_Header_Content">
        <value condition="!String.IsEmpty(Window.Property(Header_Left_Text))">$INFO[Window.Property(Header_Left_Text)]</value>
        <value condition="Window.IsVisible(Settings.xml) | Window.IsVisible(SettingsCategory.xml) | Window.IsVisible(SkinSettings.xml) | Window.IsVisible(SettingsProfile.xml) | Window.IsVisible(SettingsSystemInfo.xml) | Window.IsVisible(eventlog)">$LOCALIZE[5]</value>
        <value condition="Window.IsVisible(Home) + !Skin.HasSetting(HomeMulti) + [Control.HasFocus(302) | Control.HasFocus(5610) | Control.HasFocus(301)]">$INFO[Container(301).ListItem.Label]</value>
        <value condition="Window.IsVisible(MyWeather.xml)">$LOCALIZE[8]</value>
        <value condition="Window.IsVisible(MyPlaylist.xml)">$LOCALIZE[559]</value>
        <value condition="!String.IsEmpty(Container.PluginCategory)">$INFO[Container.PluginCategory]</value>
        <value condition="String.Contains(Container.FolderPath,/movies/) | Container.Content(movies)">$LOCALIZE[342]</value>
        <value condition="String.Contains(Container.FolderPath,/tvshows/) | String.Contains(Container.FolderPath,videodb://inprogresstvshows/) | Container.Content(tvshows) | Container.Content(seasons) | Container.Content(episodes)">$LOCALIZE[20343]</value>
        <value condition="String.Contains(Container.FolderPath,sources://video)">$LOCALIZE[31159]</value>
        <value condition="String.Contains(Container.FolderPath,sources://music)">$LOCALIZE[31160]</value>
        <value condition="String.Contains(Container.FolderPath,plugin://)">$INFO[Container.FolderName]</value>
        <value condition="Container.Content(addons)">$LOCALIZE[24001]</value>
        <value condition="String.Contains(Container.FolderPath,/addons/)">$INFO[Container.FolderName]</value>
        <value condition="Window.IsVisible(MyGames.xml)">$LOCALIZE[10821]</value>
        <value condition="Window.IsVisible(MyVideoNav.xml)">$LOCALIZE[3]</value>
        <value condition="Window.IsVisible(MyMusicNav.xml)">$LOCALIZE[2]</value>
        <value condition="Window.IsVisible(MyPics.xml)">$LOCALIZE[1]</value>
        <value condition="Window.IsVisible(MyPrograms.xml)">$LOCALIZE[0]</value>
        <value condition="Window.IsVisible(AddonBrowser.xml)">$LOCALIZE[24001]</value>
        <value condition="Window.IsVisible(MyPVRGuide.xml)">[CAPITALIZE]$LOCALIZE[10702][/CAPITALIZE]</value>
        <value condition="Window.IsVisible(MyPVRChannels.xml)">[CAPITALIZE]$LOCALIZE[10700][/CAPITALIZE]</value>
        <value condition="Window.IsVisible(MyPVRRecordings.xml)">[CAPITALIZE]$LOCALIZE[10701][/CAPITALIZE]</value>
        <value condition="Window.IsVisible(MyPVRTimers.xml)">[CAPITALIZE]$LOCALIZE[10703][/CAPITALIZE]</value>
        <value condition="Window.IsVisible(MyPVRSearch.xml)">[CAPITALIZE]$LOCALIZE[10704][/CAPITALIZE]</value>
        <value condition="Window.IsVisible(FileManager.xml)">[CAPITALIZE]$LOCALIZE[7][/CAPITALIZE]</value>
        <value condition="Window.IsVisible(Home.xml)">$LOCALIZE[10000]</value>
        <value condition="Window.IsVisible(DialogPVRInfo.xml)">$LOCALIZE[19180]</value>
        <value condition="Window.IsVisible(script-NextAired-TVGuide.xml) | Window.IsVisible(script-NextAired-TVGuide2.xml)">Next Aired</value>
        <value condition="Window.IsVisible(MyFavourites.xml)">$LOCALIZE[10060]</value>
    </variable>

    <variable name="Label_OSD_Time">
        <value condition="PVR.IsPlayingTV + !String.IsEmpty(PVR.EpgEventElapsedTime)">$INFO[PVR.EpgEventElapsedTime]</value>
        <value>$INFO[Player.Time]</value>
    </variable>

    <variable name="Label_OSD_Duration">
        <value condition="PVR.IsPlayingTV + !String.IsEmpty(PVR.EpgEventDuration)">$INFO[PVR.EpgEventDuration]</value>
        <value condition="Skin.HasSetting(ShowTimeRemaining2) + !String.IsEmpty(Player.TimeRemaining)">$INFO[Player.TimeRemaining]</value>
        <value>$INFO[Player.Duration]</value>
    </variable>

    <variable name="Label_OSD_FinishTime">
        <value condition="VideoPlayer.Content(livetv)">$INFO[VideoPlayer.EndTime]</value>
        <value condition="!String.IsEmpty(Player.FinishTime)">$INFO[Player.FinishTime]</value>
    </variable>

    <variable name="Label_OSD_TimeRemaining">
        <value condition="VideoPlayer.Content(livetv)">$INFO[VideoPlayer.EndTime]</value>
        <value condition="!String.IsEmpty(Player.TimeRemaining)">$INFO[Player.TimeRemaining]</value>
    </variable>

    <variable name="Label_OSD_Title">
        <value condition="!String.IsEmpty(MusicPlayer.Album)">$INFO[MusicPlayer.Album]</value>
        <value condition="!String.IsEmpty(VideoPlayer.TvShowTitle)">$INFO[VideoPlayer.TvShowTitle]</value>
        <value condition="!String.IsEmpty(VideoPlayer.Title)">$INFO[VideoPlayer.Title]</value>
        <value condition="!String.IsEmpty(VideoPlayer.Label)">$INFO[VideoPlayer.Label]</value>
        <value condition="!String.IsEmpty(Player.Title)">$INFO[Player.Title]</value>
        <value condition="!String.IsEmpty(Player.Label)">$INFO[Player.Label]</value>
        <value condition="!String.IsEmpty(VideoPlayer.ChannelName)">$INFO[VideoPlayer.ChannelName]</value>
    </variable>

    <variable name="Label_OSD_InfoLine">
        <value condition="[!String.IsEmpty(VideoPlayer.EpgEventTitle) | !String.IsEmpty(VideoPlayer.EpisodeName)] + VideoPlayer.Content(livetv)">$INFO[VideoPlayer.EpisodeName,[COLOR=panel_fg_100],[/COLOR]  |  ]$INFO[VideoPlayer.EpgEventTitle,[COLOR=panel_fg_100],[/COLOR]  |  ]$INFO[VideoPlayer.Year,[COLOR=panel_fg_100],[/COLOR]  |  ]$INFO[VideoPlayer.MPAA,[COLOR=panel_fg_100],[/COLOR]  |  ]$INFO[VideoPlayer.Genre,[COLOR=panel_fg_100],[/COLOR]]</value>
        <value condition="!String.IsEmpty(VideoPlayer.Season) + !String.IsEmpty(VideoPlayer.Episode) + !Integer.IsGreater(VideoPlayer.Episode,9)">$INFO[VideoPlayer.Title,[COLOR=panel_fg_100],[/COLOR]]$INFO[VideoPlayer.Season,  |  [COLOR=panel_fg_100],x[/COLOR]]$INFO[VideoPlayer.Episode,[COLOR=panel_fg_100]0,[/COLOR]]$INFO[VideoPlayer.Premiered,  |  [COLOR=panel_fg_100],[/COLOR]]$INFO[VideoPlayer.MPAA,  |  [COLOR=panel_fg_100],[/COLOR]]$INFO[VideoPlayer.Genre,  |  [COLOR=panel_fg_100],[/COLOR]]</value>
        <value condition="!String.IsEmpty(VideoPlayer.Season) + !String.IsEmpty(VideoPlayer.Episode) + Integer.IsGreater(VideoPlayer.Episode,9)">$INFO[VideoPlayer.Title,[COLOR=panel_fg_100],[/COLOR]]$INFO[VideoPlayer.Season,  |  [COLOR=panel_fg_100],x[/COLOR]]$INFO[VideoPlayer.Episode,[COLOR=panel_fg_100],[/COLOR]]$INFO[VideoPlayer.Premiered,  |  [COLOR=panel_fg_100],[/COLOR]]$INFO[VideoPlayer.MPAA,  |  [COLOR=panel_fg_100],[/COLOR]]$INFO[VideoPlayer.Genre,  |  [COLOR=panel_fg_100],[/COLOR]]</value>
        <value>$INFO[VideoPlayer.Year,[COLOR=panel_fg_100],[/COLOR]  |  ]$INFO[VideoPlayer.MPAA,[COLOR=panel_fg_100],[/COLOR]  |  ]$INFO[VideoPlayer.Genre,[COLOR=panel_fg_100],[/COLOR]]</value>
    </variable>

    <variable name="Label_Info_NextAired_Status">
        <value condition="String.IsEqual(Window(Home).Property(TMDbHelper.ListItem.Status),Canceled)">$LOCALIZE[31488]</value>
        <value condition="String.IsEqual(Window(Home).Property(TMDbHelper.ListItem.Status),Ended)">$LOCALIZE[31489]</value>
        <value condition="String.IsEqual(Window(Home).Property(TMDbHelper.ListItem.Status),Released)">$LOCALIZE[31490]</value>
        <value condition="String.IsEqual(Window(Home).Property(TMDbHelper.ListItem.Status),In Production) | String.IsEqual(Window(Home).Property(TMDbHelper.ListItem.Status),Post Production)">$LOCALIZE[31491]</value>
        <value condition="String.IsEqual(Window(Home).Property(TMDbHelper.ListItem.Status),Planned)">$LOCALIZE[31492]</value>
        <value condition="String.IsEqual(Window(Home).Property(TMDbHelper.ListItem.Status),Returning Series) + Integer.IsEqual(Window(Home).Property(TMDbHelper.ListItem.Next_Aired.Episode),1) + Integer.IsEqual(Window(Home).Property(TMDbHelper.ListItem.Next_Aired.Season),1)">$LOCALIZE[31493]</value>
        <value condition="String.IsEqual(Window(Home).Property(TMDbHelper.ListItem.Status),Returning Series) + Integer.IsEqual(Window(Home).Property(TMDbHelper.ListItem.Next_Aired.Episode),1)">$LOCALIZE[31494]</value>
        <value condition="String.IsEqual(Window(Home).Property(TMDbHelper.ListItem.Status),Returning Series) + !String.IsEmpty(Window(Home).Property(TMDbHelper.ListItem.Next_Aired.Days_Until_Aired)) + Integer.IsLess(Window(Home).Property(TMDbHelper.ListItem.Next_Aired.Days_Until_Aired),7) + Integer.IsLess(Window(Home).Property(TMDbHelper.ListItem.Last_Aired.Days_From_Aired),8)">$LOCALIZE[31495]</value>
        <value condition="String.IsEqual(Window(Home).Property(TMDbHelper.ListItem.Status),Returning Series) + !String.IsEmpty(Window(Home).Property(TMDbHelper.ListItem.Next_Aired))">$LOCALIZE[31494]</value>
        <value condition="String.IsEqual(Window(Home).Property(TMDbHelper.ListItem.Status),Returning Series)">$LOCALIZE[31496]</value>
        <value>$LOCALIZE[13205]</value>
    </variable>

    <variable name="Label_Info_NextAired_Date">
        <value condition="!String.IsEmpty(Window(Home).Property(TMDbHelper.ListItem.Next_Aired))">$INFO[Window(Home).Property(TMDbHelper.ListItem.Next_Aired)]</value>
        <value condition="!String.IsEmpty(Window(Home).Property(TMDbHelper.ListItem.Last_Aired))">$INFO[Window(Home).Property(TMDbHelper.ListItem.Last_Aired)]</value>
        <!-- <value condition="!String.IsEmpty(Window(Home).Property(TMDbHelper.ListItem.Next_Aired))">$INFO[Window(Home).Property(TMDbHelper.ListItem.Next_Aired)] ($INFO[Window(Home).Property(TMDbHelper.ListItem.Next_Aired.Season)]x$INFO[Window(Home).Property(TMDbHelper.ListItem.Next_Aired.Episode)])</value> -->
        <!-- <value condition="!String.IsEmpty(Window(Home).Property(TMDbHelper.ListItem.Last_Aired))">$INFO[Window(Home).Property(TMDbHelper.ListItem.Last_Aired)] ($INFO[Window(Home).Property(TMDbHelper.ListItem.Last_Aired.Season)]x$INFO[Window(Home).Property(TMDbHelper.ListItem.Last_Aired.Episode)])</value> -->
    </variable>

    <variable name="Label_Oscars">
        <value condition="String.Contains(Window(Home).Property(TMDbHelper.ListItem.Awards),20 Oscar)">x20</value>
        <value condition="String.Contains(Window(Home).Property(TMDbHelper.ListItem.Awards),19 Oscar)">x19</value>
        <value condition="String.Contains(Window(Home).Property(TMDbHelper.ListItem.Awards),18 Oscar)">x18</value>
        <value condition="String.Contains(Window(Home).Property(TMDbHelper.ListItem.Awards),17 Oscar)">x17</value>
        <value condition="String.Contains(Window(Home).Property(TMDbHelper.ListItem.Awards),16 Oscar)">x16</value>
        <value condition="String.Contains(Window(Home).Property(TMDbHelper.ListItem.Awards),15 Oscar)">x15</value>
        <value condition="String.Contains(Window(Home).Property(TMDbHelper.ListItem.Awards),14 Oscar)">x14</value>
        <value condition="String.Contains(Window(Home).Property(TMDbHelper.ListItem.Awards),13 Oscar)">x13</value>
        <value condition="String.Contains(Window(Home).Property(TMDbHelper.ListItem.Awards),12 Oscar)">x12</value>
        <value condition="String.Contains(Window(Home).Property(TMDbHelper.ListItem.Awards),11 Oscar)">x11</value>
        <value condition="String.Contains(Window(Home).Property(TMDbHelper.ListItem.Awards),10 Oscar)">x10</value>
        <value condition="String.Contains(Window(Home).Property(TMDbHelper.ListItem.Awards),9 Oscar)">x9</value>
        <value condition="String.Contains(Window(Home).Property(TMDbHelper.ListItem.Awards),8 Oscar)">x8</value>
        <value condition="String.Contains(Window(Home).Property(TMDbHelper.ListItem.Awards),7 Oscar)">x7</value>
        <value condition="String.Contains(Window(Home).Property(TMDbHelper.ListItem.Awards),6 Oscar)">x6</value>
        <value condition="String.Contains(Window(Home).Property(TMDbHelper.ListItem.Awards),5 Oscar)">x5</value>
        <value condition="String.Contains(Window(Home).Property(TMDbHelper.ListItem.Awards),4 Oscar)">x4</value>
        <value condition="String.Contains(Window(Home).Property(TMDbHelper.ListItem.Awards),3 Oscar)">x3</value>
        <value condition="String.Contains(Window(Home).Property(TMDbHelper.ListItem.Awards),2 Oscar)">x2</value>
        <value condition="String.Contains(Window(Home).Property(TMDbHelper.ListItem.Awards),1 Oscar)">x1</value>
    </variable>

    <variable name="Label_Filtered">
        <value condition="Container.Filtered">$LOCALIZE[16041]</value>
        <value>$LOCALIZE[351]</value>
    </variable>

    <variable name="Label_Premiered">
        <value condition="!String.IsEmpty(ListItem.Premiered) + !String.IsEqual(ListItem.DBType,movie) + !String.IsEqual(ListItem.DBType,set) + !String.IsEqual(ListItem.DBType,tvshow) + !String.IsEqual(ListItem.DBType,season)">$INFO[ListItem.Premiered]</value>
        <value condition="!String.IsEmpty(ListItem.Year)">$INFO[ListItem.Year]</value>
    </variable>

    <variable name="Label_Duration">
        <value condition="!String.IsEmpty(ListItem.Duration) + Integer.IsGreater(ListItem.Duration(h),0)">$INFO[ListItem.Duration(h),, $LOCALIZE[31036] ]$INFO[ListItem.Duration(mm),, $LOCALIZE[31020]]</value>
        <value condition="!String.IsEmpty(ListItem.Duration)">$INFO[ListItem.Duration(mins),, $LOCALIZE[31020]]</value>
    </variable>

    <variable name="Label_AddonInfo_Enable">
        <value condition="String.IsEqual(Control.GetLabel(7),$LOCALIZE[24021])">$LOCALIZE[449]</value>
        <value>$LOCALIZE[24023]</value>
    </variable>

    <variable name="Label_Settings_Header">
        <value condition="Window.IsActive(systeminfo)">[CAPITALIZE]$LOCALIZE[10007][/CAPITALIZE]</value>
        <value condition="Window.IsActive(systemsettings)">[CAPITALIZE]$LOCALIZE[13000][/CAPITALIZE]</value>
        <value condition="Window.IsActive(pvrsettings)">[CAPITALIZE]$LOCALIZE[31343] &amp; $LOCALIZE[31103][/CAPITALIZE]</value>
        <value condition="Window.IsActive(skinsettings)">[CAPITALIZE]$LOCALIZE[166][/CAPITALIZE]</value>
        <value condition="Window.IsActive(profiles)">[CAPITALIZE]$LOCALIZE[13200][/CAPITALIZE]</value>
        <value condition="Window.IsActive(servicesettings)">[CAPITALIZE]$LOCALIZE[14036][/CAPITALIZE]</value>
        <value condition="Window.IsActive(interfacesettings)">[CAPITALIZE]$LOCALIZE[14206][/CAPITALIZE]</value>
        <value condition="Window.IsActive(mediasettings)">[CAPITALIZE]$LOCALIZE[14211] &amp; $LOCALIZE[14022][/CAPITALIZE]</value>
        <value condition="Window.IsActive(playersettings)">[CAPITALIZE]$LOCALIZE[14200][/CAPITALIZE]</value>
    </variable>

    <variable name="Label_Settings_Information">
        <value condition="Window.IsActive(skinsettings) + !Control.HasFocus(300) + Container(9000).HasFocus(1)">$LOCALIZE[31070]</value>
        <value condition="Window.IsActive(skinsettings) + !Control.HasFocus(300) + Container(9000).HasFocus(2)">$LOCALIZE[31071]</value>
        <value condition="Window.IsActive(skinsettings) + !Control.HasFocus(300) + Container(9000).HasFocus(3)">$LOCALIZE[31073]</value>
        <value condition="Window.IsActive(skinsettings) + !Control.HasFocus(300) + Container(9000).HasFocus(4)">$LOCALIZE[31074]</value>
        <value condition="Window.IsActive(skinsettings) + !Control.HasFocus(300) + Container(9000).HasFocus(5)">$LOCALIZE[31075]</value>
        <value condition="Window.IsActive(skinsettings) + !Control.HasFocus(300) + Container(9000).HasFocus(6)">$LOCALIZE[31076]</value>
        <value condition="Window.IsActive(skinsettings) + !Control.HasFocus(300) + Container(9000).HasFocus(7)">$LOCALIZE[31077]</value>
        <value condition="Window.IsActive(skinsettings) + !Control.HasFocus(300) + Container(9000).HasFocus(8)">$LOCALIZE[31078]</value>
        <value condition="Window.IsActive(skinsettings) + !Control.HasFocus(300) + Container(9000).HasFocus(9)">$LOCALIZE[31080]</value>
        <value condition="Window.IsActive(skinsettings)">$LOCALIZE[31081]</value>
        <value condition="Window.IsActive(systeminfo)">$LOCALIZE[31082]</value>
        <value condition="Window.IsActive(systemsettings)">$LOCALIZE[31083]</value>
        <value condition="Window.IsActive(pvrsettings)">$LOCALIZE[31084]</value>
        <value condition="Window.IsActive(profiles)">$LOCALIZE[31085]</value>
        <value condition="Window.IsActive(servicesettings)">$LOCALIZE[31086]</value>
        <value condition="Window.IsActive(interfacesettings)">$LOCALIZE[31089]</value>
        <value condition="Window.IsActive(mediasettings)">$LOCALIZE[31090]</value>
        <value condition="Window.IsActive(playersettings)">$LOCALIZE[31091]</value>
    </variable>

    <variable name="Label_MainTitle">
        <value condition="Window.IsVisible(MyPlaylist.xml) + String.IsEqual(ListItem.DBType,song)">$INFO[ListItem.Album]</value>
        <value condition="Container.Content(artists) + !String.IsEmpty(ListItem.Artist)">$INFO[ListItem.Artist]</value>
        <value condition="Container.Content(albums) + !String.IsEmpty(ListItem.Title)">$INFO[ListItem.Title]</value>
        <value condition="Container.Content(musicvideos) + !String.IsEmpty(ListItem.Title)">$INFO[ListItem.Title]</value>
        <value condition="Container.Content(songs) + Window.IsVisible(script-globalsearch.xml)">$INFO[ListItem.Label]</value>
        <value condition="Container.Content(songs) + !String.IsEmpty(ListItem.Album)">$INFO[ListItem.Album]</value>
        <value condition="Container.Content(songs) + !String.IsEmpty(Container.FolderName)">$INFO[Container.FolderName]</value>
        <value condition="Container.Content(addons) + !String.IsEmpty(ListItem.AddonName)">$INFO[ListItem.AddonName]</value>

        <value condition="ListItem.IsParentFolder | String.IsEqual(ListItem.Label,$LOCALIZE[15102])">$INFO[ListItem.Label]</value>
        <value>$INFO[ListItem.Label]</value>
    </variable>

    <variable name="Label_SubTitle">
        <value condition="$EXP[InGameMode]">$INFO[ListItem.Property(platform),[COLOR=main_fg_100],[/COLOR]]$INFO[ListItem.Studio,  |  [COLOR=main_fg_100],[/COLOR]]$INFO[ListItem.Year,  |  [COLOR=main_fg_100],[/COLOR]]$INFO[ListItem.Property(nplayers),  |  [COLOR=main_fg_100], $LOCALIZE[31308][/COLOR]]$INFO[ListItem.Property(ESRB),  |  [COLOR=main_fg_100],[/COLOR]]</value>
        <value condition="!String.IsEmpty(ListItem.Property(Artist_Genre)) + Container.Content(artists)">$INFO[Window(Home).Property(TMDbHelper.ListItem.AlbumCount),[COLOR=main_fg_100], $LOCALIZE[132][/COLOR]  |  ]$INFO[ListItem.Property(Artist_Genre),[COLOR=main_fg_100],[/COLOR]]$INFO[ListItem.Property(Artist_YearsActive),  |  [COLOR=main_fg_100],[/COLOR]]</value>
        <value condition="!String.IsEmpty(ListItem.Artist) + [Container.Content(musicvideos) | Container.Content(albums) | Container.Content(songs) | [Window.IsVisible(MyPlaylist.xml) + String.IsEqual(ListItem.DBType,song)]]">$INFO[ListItem.Artist,[COLOR=main_fg_100],[/COLOR]]$INFO[ListItem.Year,  |  [COLOR=main_fg_100],[/COLOR]]</value>
        <value condition="[Window.IsVisible(DialogAddonInfo.xml) | Container.Content(addons)] + !String.IsEmpty(ListItem.AddonVersion)">$INFO[ListItem.AddonType,[COLOR=main_fg_100],[/COLOR]  |  ]$INFO[ListItem.AddonVersion,[COLOR=main_fg_100],[/COLOR]]$INFO[ListItem.AddonCreator,  |  [COLOR=main_fg_100],[/COLOR]]</value>
        <value condition="Container.Content(images) + !String.IsEmpty(ListItem.Size)">$INFO[ListItem.PictureDate ,[COLOR=main_fg_100],[/COLOR]  |  ]$INFO[ListItem.PictureResolution ,[COLOR=main_fg_100],[/COLOR]  |  ]$INFO[ListItem.Size,[COLOR=main_fg_100],[/COLOR]]</value>
        <value condition="Container.Content(seasons) + !String.IsEmpty(ListItem.Episode)">$INFO[ListItem.Property(WatchedEpisodes),[COLOR=main_fg_100]$LOCALIZE[16102] , $LOCALIZE[20163][/COLOR] ]$INFO[ListItem.Episode,[COLOR=main_fg_100], $LOCALIZE[20453][/COLOR]]</value>
        <value condition="Container.Content(episodes)">$INFO[ListItem.Studio,[COLOR=main_fg_100],[/COLOR]  ]$INFO[ListItem.Premiered,[COLOR=main_fg_100],[/COLOR]]</value>
        <value condition="[Window.IsVisible(DialogPVRInfo.xml) | Window.IsVisible(MyPVRTimers.xml) | Window.IsVisible(MyPVRGuide.xml)]">$VAR[Label_SeasonEpisodeLabel_NoColon,[COLOR=main_fg_100],[/COLOR]  |  ]$INFO[ListItem.EpisodeName,[COLOR=main_fg_100],[/COLOR]  |  ]$INFO[ListItem.Genre,[COLOR=main_fg_100],[/COLOR]]$INFO[ListItem.Year,  |  [COLOR=main_fg_100],[/COLOR]]</value>
        <value condition="!String.IsEmpty(ListItem.Genre)">$INFO[ListItem.Genre,[COLOR=main_fg_100],[/COLOR]]</value>
    </variable>

    <variable name="Label_Title">
        <value condition="[Window.IsVisible(MyPVRChannels.xml) | Window.IsVisible(MyPVRSearch.xml) | Window.IsVisible(MyPVRRecordings.xml) | Window.IsVisible(MyPVRTimers.xml)] + !String.IsEmpty(ListItem.Title)">$INFO[ListItem.Title]</value>
        <value condition="Container.Content(artists) | Container.Content(albums) | Container.Content(songs)">$INFO[ListItem.Artist]</value>
        <value condition="Container.Content(episodes)">$INFO[ListItem.Season,,x]$INFO[ListItem.Episode,,. ]$INFO[ListItem.Title]</value>
        <value condition="!ListItem.IsParentFolder">$INFO[ListItem.Label]</value>
        <value condition="!String.IsEmpty(Container(50).ListItem.Label) + !Container(50).ListItem.IsParentFolder">$INFO[Container(50).ListItem.Label]</value>
    </variable>

    <variable name="Label_SetName">
        <value condition="!String.IsEmpty(ListItem.Set)">$INFO[ListItem.Set]</value>
        <value condition="!String.IsEmpty(ListItem.Title)">$INFO[ListItem.Title]</value>
    </variable>

    <variable name="Label_OverlayTitle">
        <value condition="!String.IsEmpty(ListItem.Title)">$INFO[ListItem.Title]</value>
        <value condition="!String.IsEmpty(ListItem.Label)">$INFO[ListItem.Label]</value>
        <value condition="!String.IsEmpty(Window(Home).Property(TMDbHelper.ListItem.Title))">$INFO[Window(Home).Property(TMDbHelper.ListItem.Title)]</value>
        <value condition="!String.IsEmpty(Window(Home).Property(TMDbHelper.ListItem.Label))">$INFO[Window(Home).Property(TMDbHelper.ListItem.Label)]</value>
        <value>$LOCALIZE[31380]</value>
    </variable>

    <variable name="Label_OverlayPlot">
        <value condition="!String.IsEmpty(ListItem.AddonDescription) | !String.IsEmpty(ListItem.AddonDisclaimer) | !String.IsEmpty(ListItem.AddonNews)">$INFO[ListItem.AddonDisclaimer,[B]$LOCALIZE[24052][/B][CR],[CR][CR]]$INFO[ListItem.AddonDescription,[B]$LOCALIZE[21821][/B][CR],[CR][CR]]$INFO[ListItem.AddonNews,[B]$LOCALIZE[31303][/B][CR],[CR][CR]]</value>
        <value condition="!String.IsEmpty(ListItem.Plot)">$INFO[ListItem.Tagline,[B],[/B][CR]]$INFO[ListItem.Artist,[B],[/B][CR]]$INFO[ListItem.Plot]</value>
        <value condition="Window.IsVisible(Home) + [!String.IsEmpty(Window(Home).Property(ListItem.AddonDescription)) | !String.IsEmpty(Window(Home).Property(ListItem.AddonDisclaimer)) | !String.IsEmpty(Window(Home).Property(ListItem.AddonNews))]">$INFO[Window(Home).Property(ListItem.AddonDisclaimer),[B]$LOCALIZE[24052][/B][CR],[CR][CR]]$INFO[Window(Home).Property(ListItem.AddonDescription),[B]$LOCALIZE[21821][/B][CR],[CR][CR]]$INFO[Window(Home).Property(ListItem.AddonNews),[B]$LOCALIZE[31303][/B][CR],[CR][CR]]</value>
        <value condition="!String.IsEmpty(Window(Home).Property(TMDbHelper.ListItem.Plot))">$INFO[Window(Home).Property(TMDbHelper.ListItem.Tagline),[B],[/B][CR]]$INFO[Window(Home).Property(ListItem.Artist),[B],[/B][CR]]$INFO[Window(Home).Property(TMDbHelper.ListItem.Plot)]</value>
        <value>$INFO[ListItem.Tagline,[B],[/B][CR]]$INFO[ListItem.Artist,[B],[/B][CR]]$VAR[Label_Plot]</value>
    </variable>

    <variable name="Label_Plot">
        <value condition="!String.IsEmpty(ListItem.Property(Artist_Description))">$INFO[ListItem.Property(Artist_Description)]</value>
        <value condition="!String.IsEmpty(ListItem.Property(Album_Description))">$INFO[ListItem.Property(Album_Description)]</value>
        <value condition="!String.IsEmpty(ListItem.AddonDescription)">$INFO[ListItem.AddonDescription]$INFO[ListItem.AddonNews,[CR],]</value>
        <value condition="!String.IsEmpty(ListItem.AddonNews)">$INFO[ListItem.AddonNews]</value>
        <value condition="!String.IsEmpty(ListItem.PlotOutline) + Skin.HasSetting(PlotOutline)">$INFO[ListItem.PlotOutline]</value>
        <value condition="!String.IsEmpty(ListItem.Plot)">$INFO[ListItem.Plot]</value>
        <value condition="!String.IsEmpty(Window(Home).Property(TMDbHelper.ListItem.Plot))">$INFO[Window(Home).Property(TMDbHelper.ListItem.Plot)]</value>
    </variable>

    <variable name="Label_PlayerStatus">
        <value condition="Player.Forwarding32x">FF 32x</value>
        <value condition="Player.Forwarding16x">FF 16x</value>
        <value condition="Player.Forwarding8x">FF 8x</value>
        <value condition="Player.Forwarding4x">FF 4x</value>
        <value condition="Player.Forwarding2x">FF 2x</value>
        <value condition="Player.Forwarding">FF</value>
        <value condition="Player.Rewinding32x">RW 32x</value>
        <value condition="Player.Rewinding16x">RW 16x</value>
        <value condition="Player.Rewinding8x">RW 8x</value>
        <value condition="Player.Rewinding4x">RW 4x</value>
        <value condition="Player.Rewinding2x">RW 2x</value>
        <value condition="Player.Rewinding">RW</value>
        <value condition="[Player.Seeking | Player.DisplayAfterSeek] + !String.IsEmpty(Player.SeekOffset)">$LOCALIZE[773]$INFO[Player.SeekOffset, ,]</value>
        <value condition="Player.Seeking + String.IsEmpty(Player.SeekOffset)">$LOCALIZE[773]$INFO[Player.SeekStepSize, ,]</value>
        <value condition="Player.Caching">$LOCALIZE[439] $INFO[Player.CacheLevel,,%]</value>
        <value condition="Player.Paused">$LOCALIZE[112]</value>
        <value condition="Player.IsTempo">$LOCALIZE[31236] $INFO[Player.PlaySpeed]x</value>
        <value condition="Player.Playing">$LOCALIZE[31236]</value>
        <!-- <value>$INFO[System.Time,Time  ,]$INFO[Player.FinishTime,[COLOR=main_fg_70]  •  $LOCALIZE[31106] ,[/COLOR]]</value> -->
    </variable>

    <variable name="Label_VideoHWDecoder">
        <value condition="Player.Process(videohwdecoder)">HW</value>
        <value>SW</value>
    </variable>

    <variable name="Label_Setting_TitleLogo">
        <value condition="!Skin.HasSetting(ShowClearlogo)">$LOCALIZE[31486]</value>
        <value>$LOCALIZE[31487]</value>
    </variable>
    <variable name="Label_Setting_TitleLogo2">
        <value condition="!Skin.HasSetting(EI_Clearlogo)">$LOCALIZE[31486]</value>
        <value>$LOCALIZE[31487]</value>
    </variable>

    <variable name="MediaInfoListLabel2Var">
        <value condition="ListItem.IsStereoscopic">$VAR[Label_ListItem_VideoCodec,, ]$INFO[ListItem.VideoResolution,| , ]$VAR[Label_ListItem_VideoResolution,, ]$VAR[Label_HDRType,| , ]| 3D $INFO[ListItem.VideoAspect,| ,:1 ]$VAR[Label_AudioCodec,| , ]$VAR[Label_ListItem_AudioChannels]</value>
        <value>$VAR[Label_ListItem_VideoCodec,, ]$INFO[ListItem.VideoResolution,| , ]$VAR[Label_ListItem_VideoResolution,, ]$VAR[Label_HDRType,| , ]$INFO[ListItem.VideoAspect,| ,:1 ]$VAR[Label_AudioCodec,| , ]$VAR[Label_ListItem_AudioChannels]</value>
    </variable>

    <variable name="Label_OSD_SubtitlesLanguage">
        <value condition="VideoPlayer.SubtitlesEnabled">$INFO[VideoPlayer.SubtitlesLanguage,[UPPERCASE],[/UPPERCASE]]</value>
    </variable>
    <variable name="Label_StreamLanguage">
        <value condition="!String.IsEmpty(ListItem.Label)">$INFO[ListItem.Label]</value>
        <value>UNK</value>
    </variable>
    <variable name="Label_PlayerStream_IsForced">
        <value condition="ListItem.Property(IsForced)">$LOCALIZE[39106]</value>
    </variable>
    <variable name="Label_PlayerStream_IsDefault">
        <value condition="ListItem.Property(IsDefault)">$LOCALIZE[39105]</value>
    </variable>
    <variable name="Label_PlayerStream_IsOriginal">
        <value condition="ListItem.Property(IsOriginal)">$LOCALIZE[39111]</value>
    </variable>

    <variable name="Label_DialogInfo_Biography">
        <value condition="!String.IsEmpty(ListItem.Property(biography))">$INFO[ListItem.Property(biography)]</value>
        <value condition="!String.IsEmpty(Window(Home).Property(TMDbHelper.ListItem.biography))">$INFO[Window(Home).Property(TMDbHelper.ListItem.biography)]</value>
    </variable>

    <variable name="Label_FromStudio">
        <value condition="!String.IsEmpty(Window(Home).Property(TMDbHelper.ListItem.Network.1.Name))">$INFO[Window(Home).Property(TMDbHelper.ListItem.Network.1.Name)]</value>
        <value condition="!String.IsEmpty(Window(Home).Property(TMDbHelper.ListItem.Network.2.Name))">$INFO[Window(Home).Property(TMDbHelper.ListItem.Network.2.Name)]</value>
        <value condition="!String.IsEmpty(Window(Home).Property(TMDbHelper.ListItem.Network.3.Name))">$INFO[Window(Home).Property(TMDbHelper.ListItem.Network.3.Name)]</value>
        <value condition="!String.IsEmpty(Window(Home).Property(TMDbHelper.ListItem.Studio.1.Name))">$INFO[Window(Home).Property(TMDbHelper.ListItem.Studio.1.Name)]</value>
        <value condition="!String.IsEmpty(Window(Home).Property(TMDbHelper.ListItem.Studio.2.Name))">$INFO[Window(Home).Property(TMDbHelper.ListItem.Studio.2.Name)]</value>
        <value condition="!String.IsEmpty(Window(Home).Property(TMDbHelper.ListItem.Studio.3.Name))">$INFO[Window(Home).Property(TMDbHelper.ListItem.Studio.3.Name)]</value>
        <value condition="!String.IsEmpty(ListItem.Studio)">$INFO[ListItem.Studio]</value>
    </variable>

    <variable name="Label_FromDirector">
        <value condition="!String.IsEmpty(Window(Home).Property(TMDbHelper.ListItem.Director.1.Name)) + !String.IsEmpty(Window(Home).Property(TMDbHelper.ListItem.Director.1.job)) + String.IsEqual(Window(Home).Property(TMDbHelper.ListItem.Director.1.job),Director)">$INFO[Window(Home).Property(TMDbHelper.ListItem.Director.1.Name)]</value>
        <value condition="!String.IsEmpty(Window(Home).Property(TMDbHelper.ListItem.Director.2.Name)) + !String.IsEmpty(Window(Home).Property(TMDbHelper.ListItem.Director.2.job)) + String.IsEqual(Window(Home).Property(TMDbHelper.ListItem.Director.2.job),Director)">$INFO[Window(Home).Property(TMDbHelper.ListItem.Director.2.Name)]</value>
        <value condition="!String.IsEmpty(Window(Home).Property(TMDbHelper.ListItem.Director.3.Name)) + !String.IsEmpty(Window(Home).Property(TMDbHelper.ListItem.Director.3.job)) + String.IsEqual(Window(Home).Property(TMDbHelper.ListItem.Director.3.job),Director)">$INFO[Window(Home).Property(TMDbHelper.ListItem.Director.3.Name)]</value>
        <value condition="!String.IsEmpty(Window(Home).Property(TMDbHelper.ListItem.Director.4.Name)) + !String.IsEmpty(Window(Home).Property(TMDbHelper.ListItem.Director.4.job)) + String.IsEqual(Window(Home).Property(TMDbHelper.ListItem.Director.4.job),Director)">$INFO[Window(Home).Property(TMDbHelper.ListItem.Director.4.Name)]</value>
        <value condition="!String.IsEmpty(Window(Home).Property(TMDbHelper.ListItem.Director.5.Name)) + !String.IsEmpty(Window(Home).Property(TMDbHelper.ListItem.Director.5.job)) + String.IsEqual(Window(Home).Property(TMDbHelper.ListItem.Director.5.job),Director)">$INFO[Window(Home).Property(TMDbHelper.ListItem.Director.5.Name)]</value>
        <value condition="!String.IsEmpty(Window(Home).Property(TMDbHelper.ListItem.Director.6.Name)) + !String.IsEmpty(Window(Home).Property(TMDbHelper.ListItem.Director.6.job)) + String.IsEqual(Window(Home).Property(TMDbHelper.ListItem.Director.6.job),Director)">$INFO[Window(Home).Property(TMDbHelper.ListItem.Director.6.Name)]</value>
        <value condition="!String.IsEmpty(Window(Home).Property(TMDbHelper.ListItem.Director.7.Name)) + !String.IsEmpty(Window(Home).Property(TMDbHelper.ListItem.Director.7.job)) + String.IsEqual(Window(Home).Property(TMDbHelper.ListItem.Director.7.job),Director)">$INFO[Window(Home).Property(TMDbHelper.ListItem.Director.7.Name)]</value>
        <value condition="!String.IsEmpty(Window(Home).Property(TMDbHelper.ListItem.Director.8.Name)) + !String.IsEmpty(Window(Home).Property(TMDbHelper.ListItem.Director.8.job)) + String.IsEqual(Window(Home).Property(TMDbHelper.ListItem.Director.8.job),Director)">$INFO[Window(Home).Property(TMDbHelper.ListItem.Director.8.Name)]</value>
        <value condition="!String.IsEmpty(Window(Home).Property(TMDbHelper.ListItem.Director.9.Name)) + !String.IsEmpty(Window(Home).Property(TMDbHelper.ListItem.Director.9.job)) + String.IsEqual(Window(Home).Property(TMDbHelper.ListItem.Director.9.job),Director)">$INFO[Window(Home).Property(TMDbHelper.ListItem.Director.9.Name)]</value>
        <value condition="!String.IsEmpty(Window(Home).Property(TMDbHelper.ListItem.Director))">$INFO[Window(Home).Property(TMDbHelper.ListItem.Director)]</value>
        <value>$INFO[ListItem.Director]</value>
    </variable>
</includes>
