<?xml version="1.0" encoding="UTF-8"?>
<!-- Foundation -->
<window id="2901">
    <onload condition="!Player.PauseEnabled">SetFocus(15)</onload>
    <onload condition="Player.PauseEnabled + !Skin.HasSetting(HidePlayPauseButton)">SetFocus(14)</onload>
    <onload condition="Player.PauseEnabled + [Skin.HasSetting(HidePlayPauseButton) + !Skin.HasSetting(HideStopButton)]">SetFocus(15)</onload>
    <onload condition="Player.PauseEnabled + [Skin.HasSetting(HidePlayPauseButton) + Skin.HasSetting(HideStopButton)]">SetFocus(18)</onload>
    <onunload>ClearProperty(OSDInfo,Home)</onunload>
    <onunload>CancelAlarm(osd_timeout,true)</onunload>
    <controls>

        <control type="button" id="99220">
            <include>Defs_Hidden_Button</include>
            <onfocus>SetFocus(15)</onfocus>
            <onfocus condition="Window.IsVisible(videoosd)">Action(Close)</onfocus>
        </control>

        <control type="button">
            <description>background close area</description>
            <left>0</left>
            <top>0</top>
            <width>100%</width>
            <bottom>200</bottom>
            <texturefocus />
            <texturenofocus />
            <onclick>Action(close)</onclick>
        </control>

        <control type="group">
            <visible>!Window.IsVisible(DialogPlayerProcessInfo.xml)</visible>
            <visible>!Window.IsVisible(1142)</visible>
            <control type="group">
                <visible>!Window.IsVisible(DialogSlider.xml)</visible>
                <visible>!Window.IsVisible(VideoOSDBookmarks.xml)</visible>
                <animation effect="fade" start="100" end="0" time="200" condition="Control.HasFocus(9605)">Conditional</animation>
                    
                <control type="grouplist" id="9000">
                    <include condition="!VideoPlayer.Content(musicvideos) + !VideoPlayer.Content(LiveTV)">OSD_VideoPosition</include>
                    <include condition="VideoPlayer.Content(musicvideos) + !VideoPlayer.Content(LiveTV)">OSD_MusicPosition</include>
                    <include condition="VideoPlayer.Content(LiveTV)">OSD_LiveTVPosition</include>
                    <itemgap>32</itemgap>

                    <onup condition="!VideoPlayer.Content(LiveTV) + String.IsEmpty(Window(Home).Property(OSDInfo)) + !Skin.HasSetting(PlayerScrollSeekbar)">SetProperty(OSDInfo,1,Home)</onup>
                    <onup condition="!VideoPlayer.Content(LiveTV) + !String.IsEmpty(Window(Home).Property(OSDInfo)) + !Skin.HasSetting(PlayerScrollSeekbar)">ClearProperty(OSDInfo,Home)</onup>
                    <onup condition="!VideoPlayer.Content(LiveTV) + Skin.HasSetting(PlayerScrollSeekbar)">6501</onup>
                    <ondown condition="!VideoPlayer.Content(LiveTV) + String.IsEmpty(Window(Home).Property(OSDInfo)) + !Skin.HasSetting(OSD.DisableCastDialog)">ActivateWindow(1142)</ondown>
                    <ondown condition="!VideoPlayer.Content(LiveTV) + String.IsEmpty(Window(Home).Property(OSDInfo)) + Skin.HasSetting(OSD.DisableCastDialog)">Close</ondown>
                    <ondown condition="!VideoPlayer.Content(LiveTV) + !String.IsEmpty(Window(Home).Property(OSDInfo))">ClearProperty(OSDInfo,Home)</ondown>

                    <onup condition="VideoPlayer.Content(LiveTV)">Close</onup>
                    <onup condition="VideoPlayer.Content(LiveTV)">ActivateWindow(1139)</onup>
                    <ondown condition="VideoPlayer.Content(LiveTV)">Close</ondown>
                    <ondown condition="VideoPlayer.Content(LiveTV)">ActivateWindow(1139)</ondown>

                    <orientation>horizontal</orientation>
                    <usecontrolcoords>true</usecontrolcoords>
                    <include condition="!VideoPlayer.Content(LiveTV)">OSD_Controls</include>
                    <include condition="VideoPlayer.Content(LiveTV)">OSD_Controls_LiveTV</include>
                </control>
            </control>

            <!-- Subtitles -->
            <include content="OSD_Stream_Selector" condition="!Skin.HasSetting(OSD.DisablePopUpDialogs)">
                <param name="id">6207</param>
                <param name="buttonid">18</param>
                <param name="stream_type">subtitle</param>
                <param name="header">$LOCALIZE[287]</param>
                <param name="nibpos">180</param>
                <param name="width">640</param>
                <param name="method">set_player_subtitle</param>
                <param name="enabled">VideoPlayer.SubtitlesEnabled</param>
                <param name="toggle">true</param>
                <param name="icon">special://skin/extras/icons/quote.png</param>
            </include>
            <!-- Audio Tracks -->
            <include content="OSD_Stream_Selector" condition="!Skin.HasSetting(OSD.DisablePopUpDialogs)">
                <param name="id">6206</param>
                <param name="buttonid">10018</param>
                <param name="stream_type">audio</param>
                <param name="header">$LOCALIZE[292]</param>
                <param name="nibpos">300</param>
                <param name="method">set_player_audiostream</param>
                <param name="icon">special://skin/extras/icons/volume.png</param>
            </include>

            <control type="group">
                <include content="Dialog_Background_Standard">
                    <param name="diffuse">diffuse/dialog_w480_h400.png</param>
                </include>
                <visible>!Window.IsVisible(DialogSlider.xml)</visible>
                <visible>!Window.IsVisible(videobookmarks)</visible>
                <visible>!Window.IsVisible(pvrchannelguide)</visible>
                <visible>!Window.IsVisible(DialogSettings.xml)</visible>
                <visible>[Control.HasFocus(41) + !Skin.HasSetting(OSD.DisablePopUpDialogs)] | ControlGroup(6208).HasFocus() | Control.HasFocus(7800)</visible>
                <include>Animation_FadeIn_SlideUp</include>
                <include>OSD_Stream_Selector_Divider</include>
                <right>40</right>
                <bottom>150</bottom>
                <width>520</width>
                <height>480</height>
                <include content="Object_MenuHeader">
                    <param name="label">$LOCALIZE[157]</param>
                    <param name="icon">special://skin/extras/icons/video.png</param>
                </include>
                <control type="group">
                    <top>120</top>
                    <bottom>40</bottom>
                    <control type="grouplist" id="6208">
                        <top>20</top>
                        <bottom>20</bottom>
                        <left>20</left>
                        <right>20</right>
                        <ondown>7800</ondown>
                        <onleft>41</onleft>
                        <onright>41</onright>
                        <onup>noop</onup>
                        <orientation>vertical</orientation>
                        <include content="Settings_Button">
                            <param name="id">6805</param>
                            <param name="control">button</param>
                            <label />
                            <font />
                            <onclick>Action(PlayerProcessInfo)</onclick>
                        </include>
                        <control type="group" id="6895">
                            <visible>Control.IsEnabled(6805) + Control.IsVisible(6805)</visible>
                            <control type="group">
                                <height>80</height>
                                <top>-85</top>
                                <left>-20</left>
                                <visible>!Control.HasFocus(6805)</visible>
                                <include content="OSD_Codecs">
                                    <param name="textcolor_top">dialog_fg_90</param>
                                    <param name="textcolor_sub">dialog_fg_70</param>
                                </include>
                            </control>
                            <control type="group">
                                <height>80</height>
                                <top>-85</top>
                                <left>-20</left>
                                <visible>Control.HasFocus(6805)</visible>
                                <include content="OSD_Codecs">
                                    <param name="textcolor_top">$VAR[ColorSelected]</param>
                                    <param name="textcolor_sub">$VAR[ColorSelected]</param>
                                </include>
                            </control>
                        </control>
                    </control>
                    <control type="group">
                        <bottom>20</bottom>
                        <height>160</height>
                        <left>60</left>
                        <right>60</right>
                        <control type="image">
                            <left>-20</left>
                            <right>-20</right>
                            <centertop>-20</centertop>
                            <height>1</height>
                            <texture colordiffuse="main_fg_12">common/white.png</texture>
                        </control>
                        <include content="Dialog_Menu_Button">
                            <left>-40</left>
                            <right>-40</right>
                            <param name="id">7800</param>
                            <param name="groupid">7890</param>
                            <param name="control">button</param>
                            <param name="icon" />
                            <onup>6805</onup>
                            <ondown>41</ondown>
                            <height>160</height>
                            <onleft condition="Player.Paused">PlayerControl(Play)</onleft>
                            <onright condition="Player.Paused">PlayerControl(Play)</onright>
                            <onleft condition="Player.TempoEnabled">PlayerControl(TempoDown)</onleft>
                            <onright condition="Player.TempoEnabled">PlayerControl(TempoUp)</onright>
                            <onright condition="!Player.TempoEnabled + !Player.Forwarding32x">PlayerControl(Forward)</onright>
                            <onleft condition="!Player.TempoEnabled + !Player.Rewinding32x">PlayerControl(Rewind)</onleft>
                        </include>
                        <control type="group">
                            <visible>!Control.HasFocus(7800)</visible>
                            <include content="OSD_TempoControl">
                                <param name="istempo">Player.TempoEnabled</param>
                            </include>
                        </control>
                        <control type="group">
                            <visible>Control.HasFocus(7800)</visible>
                            <include content="OSD_TempoControl">
                                <param name="istempo">Player.TempoEnabled</param>
                                <param name="selected">true</param>
                            </include>
                        </control>
                    </control>
                </control>
            </control>

            <include content="OSD_Menu_List">
                <param name="content" value="Items_OSD_Settings" />
                <param name="height" value="578" />
                <param name="id" value="3112" />
                <param name="label" value="$LOCALIZE[33063]" />
                <param name="position" value="330,116" />
            </include>

            <control type="group">
                <visible>Window.IsVisible(DialogVideoInfo.xml)</visible>
                <include>Global_Background</include>
                <include>Topbar</include>
            </control>

            <control type="progress">
                <centerleft>50%</centerleft>
                <width>1840</width>
                <height>112</height>
                <bottom>50</bottom>
                <info>Player.Progress</info>
                <texturebg colordiffuse="00ffffff">slider/slider_bg2.png</texturebg>
                <righttexture colordiffuse="panel_fg_100">slider/slider_nib2.png</righttexture>
                <lefttexture />
                <midtexture />
                <visible>!PVR.IsPlayingTV</visible>
                <visible>Control.HasFocus(6501) | Control.HasFocus(6502)</visible>
            </control>

            <control type="slider" id="6502">
                <width>1760</width>
                <height>32</height>
                <bottom>100</bottom>
                <left>view_pad</left>
                <info>Player.Progress</info>
                <action>seek</action>
                <texturesliderbar />
                <textureslidernib />
                <textureslidernibfocus />
            </control>

            <control type="group" id="6500">
                <visible>Player.SeekEnabled</visible>
                <control type="button" id="6501">
                    <include>Defs_Hidden_Button</include>
                    <onunfocus condition="Player.Forwarding | Player.Rewinding">PlayerControl(Play)</onunfocus>
                    <onup condition="!VideoPlayer.Content(LiveTV) + String.IsEmpty(Window(Home).Property(OSDInfo))">SetProperty(OSDInfo,1,Home)</onup>
                    <onup condition="!VideoPlayer.Content(LiveTV) + !String.IsEmpty(Window(Home).Property(OSDInfo))">ClearProperty(OSDInfo,Home)</onup>
                    <ondown condition="!VideoPlayer.Content(LiveTV) + String.IsEmpty(Window(Home).Property(OSDInfo))">14</ondown>
                    <ondown condition="!VideoPlayer.Content(LiveTV) + !String.IsEmpty(Window(Home).Property(OSDInfo))">ClearProperty(OSDInfo,Home)</ondown>
                    <onright condition="!Player.Paused">StepForward</onright>
                    <onright condition="Player.Paused">PlayerControl(FrameAdvance(1))</onright>
                    <onleft>StepBack</onleft>
                    <onclick condition="Player.Forwarding | Player.Rewinding">PlayerControl(Play)</onclick>
                    <lefttexture />
                    <midtexture />
                </control>
                <control type="slider" id="6501">
                    <description>Seekbar</description>
                    <visible>Window.IsActive(videoosd)</visible>
                    <visible>!String.IsEmpty(Player.Duration)</visible>
                    <action>seek</action>
                    <texturesliderbar />
                    <textureslidernib />
                    <textureslidernibfocus />
                    <visible>Control.HasFocus(6501) + !VideoPlayer.Content(LiveTV)</visible>
                    <visible>![Window.IsVisible(OSDVideoSettings) | Window.IsVisible(OSDAudioSettings) | Window.IsVisible(OSDSubtitleSettings) | Window.IsVisible(subtitlesearch) | Window.IsVisible(selectdialog)]</visible>	
                </control>
            </control>
        </control>

    </controls>

</window>
