<?xml version="1.0" encoding="UTF-8"?>
<addon id="skin.arctic.zephyr.2.resurrection.mod" name="Arctic: Zephyr 2 - Resurrection" provider-name="jurialmunkey, pkscout, heppen" version="1.0.48">
    <requires>
        <import addon="xbmc.gui" version="5.17.0" />
        <import addon="script.skinshortcuts"/>
        <import addon="script.skinhelper" version="0.0.4" />
        <import addon="script.skinvariables" version="2.1.28" />
        <import addon="plugin.video.themoviedb.helper" version="5.5.11" />
        <import addon="resource.images.studios.white"/>
        <import addon="resource.images.moviegenreicons.transparent"/>
        <import addon="resource.images.weathericons.white"/>
        <import addon="resource.images.moviecountryicons.maps"/>
    </requires>
    <extension point="xbmc.gui.skin" debugging="false">
        <res width="1920" height="1080" aspect="16:9" default="true" folder="1080i" />
    </extension>
    <extension point="xbmc.addon.metadata">
        <summary lang="de">Klar, minimalistisch, elegant, einfach, leicht</summary>
        <summary lang="en">Clean, minimal, elegant, simple, light.</summary>
        <summary lang="en_AU">Clean, minimal, elegant, simple, light.</summary>
        <summary lang="en_US">Clean, minimal, elegant, simple, light.</summary>
        <summary lang="es">Limpio, minimalista, elegante, simple, ligero.</summary>
        <summary lang="fr">Clair, minimaliste, élégant, simple et léger.</summary>
        <summary lang="fr_CA">Net, minimal, élégant, simple, léger.</summary>
        <summary lang="it">Pulita, minimale, elegante, semplice, leggera.</summary>
        <summary lang="lt">Švari, minimali, elegantiška, paprasta, lengva.</summary>
        <summary lang="nl">Schoon, minimaal, elegant, simpel, licht.</summary>
        <summary lang="no">Rent, minimalt, elegant, enkelt, lett.</summary>
        <summary lang="pl">Prosta, minimalistyczna, elegancka i lekka.</summary>
        <summary lang="pt_BR">Limpa, simplista, elegante, leve.</summary>
        <summary lang="ro">Curat, minimalist, elegant, simplu, ușor</summary>
        <summary lang="ru">Опрятный, минималистичный, элегантный, простой, светлый.</summary>
        <summary lang="zh_CN">简洁、极简、雅致、简约、清爽。</summary>

        <description lang="en">This is a light mod of Arctic Zephyr 2 by heppen. Arctic Zephyr 2 is a minimalistic skin created by jurialmunkey and moded to work with Kodi 19 Matrix by pkscout. The skin is designed to be simple so that the user can focus on their media content.</description>
        <description lang="es">Esta es una ligera modificación de Arctic Zephyr 2 realizada por heppen. Arctic Zephyr 2 es un skin minimalista creado por jurialmunkey y adaptado para funcionar con Kodi 19 Matrix por pkscout. El diseño es simple para que el usuario pueda centrarse en su contenido multimedia.</description>
        <description lang="pl">Jest to modyfikacja skórki Arctic Zephyr 2 autorstwa heppen. Arctic Zephyr 2 jest minimalistyczną skórką stworzoną przez jurialmunkey i zmodowaną do pracy z Kodi 19 Matrix przez pkscout. Skórka została zaprojektowana jako prosta, aby użytkownik mógł skupić się na swojej zawartości multimedialnej.</description>
        <description lang="zh-CN">这是由 heppen 制作的 Arctic Zephyr 2 皮肤的轻量修改版。Arctic Zephyr 2 是一款由 jurialmunkey 创作的极简风格皮肤，经 pkscout 适配后可用于 Kodi 19 Matrix 版本。该皮肤采用简约设计，旨在让用户能专注于自身的媒体内容。</description>
        <platform>all</platform>
        <license>Creative Commons Attribution Non-Commercial Share-Alike 4.0</license>
        <forum>https://forum.kodi.tv/showthread.php?tid=362941</forum>
        <source>https://github.com/DenDyGH/skin.arctic.zephyr.2.resurrection.mod</source>
        <assets>
            <icon>icon.png</icon>
            <fanart>fanart.jpg</fanart>
            <screenshot>resources/screenshot-01.jpg</screenshot>
            <screenshot>resources/screenshot-02.jpg</screenshot>
            <screenshot>resources/screenshot-03.jpg</screenshot>
            <screenshot>resources/screenshot-04.jpg</screenshot>
            <screenshot>resources/screenshot-05.jpg</screenshot>
            <screenshot>resources/screenshot-06.jpg</screenshot>
        </assets>
    </extension>
</addon>
