<?xml version="1.0" encoding="UTF-8"?>
<includes>

    <expression name="Exp_SortLetterIsNumber">[String.IsEqual(ListItem.SortLetter,$NUMBER[0]) | String.IsEqual(ListItem.SortLetter,$NUMBER[1]) | String.IsEqual(ListItem.SortLetter,$NUMBER[2]) | String.IsEqual(ListItem.SortLetter,$NUMBER[3]) | String.IsEqual(ListItem.SortLetter,$NUMBER[4]) | String.IsEqual(ListItem.SortLetter,$NUMBER[5]) | String.IsEqual(ListItem.SortLetter,$NUMBER[6]) | String.IsEqual(ListItem.SortLetter,$NUMBER[7]) | String.IsEqual(ListItem.SortLetter,$NUMBER[8]) | String.IsEqual(ListItem.SortLetter,$NUMBER[9])]</expression>

    <expression name="Exp_InfoVisible">[Window.IsVisible(DialogVideoInfo.xml) | Window.IsVisible(DialogMusicInfo.xml) | Window.IsVisible(DialogAddonInfo.xml) | Window.IsVisible(1140) | Window.IsVisible(DialogPVRInfo.xml)]</expression>

    <expression name="Exp_ShowPlotOverlay">[Control.HasFocus(9601) | [System.IdleTime(4) + Skin.HasSetting(AutoPlotOverlay) + [String.IsEqual(ListItem.DBType,movie) | String.IsEqual(ListItem.DBType,tvshow) | String.IsEqual(ListItem.DBType,set) | String.IsEqual(ListItem.DBType,episode) | String.IsEqual(ListItem.DBType,season) | String.IsEqual(ListItem.DBType,video) | String.IsEqual(ListItem.DBType,artist) | String.IsEqual(ListItem.DBType,album) | String.IsEqual(ListItem.DBType,song)] + ![Window.IsVisible(DialogVideoInfo.xml) | Window.IsVisible(DialogMusicInfo.xml) | Window.IsVisible(DialogAddonInfo.xml) | Window.IsVisible(1190) | Window.IsVisible(1140)]]]</expression>

    <expression name="MyVideoNav_Ready">Integer.IsGreaterOrEqual(Container(50).NumItems,1) | Integer.IsGreaterOrEqual(Container(525).NumItems,1) | Integer.IsGreaterOrEqual(Container(526).NumItems,1) | Integer.IsGreaterOrEqual(Container(528).NumItems,1) | Integer.IsGreaterOrEqual(Container(529).NumItems,1) | Integer.IsGreaterOrEqual(Container(500).NumItems,1) | Integer.IsGreaterOrEqual(Container(501).NumItems,1) | Integer.IsGreaterOrEqual(Container(502).NumItems,1) | Integer.IsGreaterOrEqual(Container(504).NumItems,1) | Integer.IsGreaterOrEqual(Container(503).NumItems,1) | Integer.IsGreaterOrEqual(Container(51).NumItems,1) | Integer.IsGreaterOrEqual(Container(510).NumItems,1) | Integer.IsGreaterOrEqual(Container(511).NumItems,1) | Integer.IsGreaterOrEqual(Container(512).NumItems,1) | Integer.IsGreaterOrEqual(Container(513).NumItems,1) | Integer.IsGreaterOrEqual(Container(514).NumItems,1) | Integer.IsGreaterOrEqual(Container(516).NumItems,1) | Integer.IsGreaterOrEqual(Container(515).NumItems,1) | Integer.IsGreaterOrEqual(Container(517).NumItems,1)  | Integer.IsGreaterOrEqual(Container(52).NumItems,1) | Integer.IsGreaterOrEqual(Container(520).NumItems,1) | Integer.IsGreaterOrEqual(Container(527).NumItems,1) | Integer.IsGreaterOrEqual(Container(521).NumItems,1) | Integer.IsGreaterOrEqual(Container(522).NumItems,1) | Integer.IsGreaterOrEqual(Container(524).NumItems,1) | Integer.IsGreaterOrEqual(Container(53).NumItems,1) | Integer.IsGreaterOrEqual(Container(523).NumItems,1)</expression>

    <expression name="Exp_GlobalBackground">[!Player.HasMedia | [Player.HasVideo + !Skin.HasSetting(global.showvideo)] | [!Skin.HasSetting(global.showvisualisation) + Player.HasAudio] | [Player.HasAudio + !String.IsEmpty(Window(Home).Property(PlayingBackgroundMedia))]]</expression>

    <expression name="Exp_HasClearlogo">!String.IsEmpty(ListItem.Art(clearlogo)) | !String.IsEmpty(ListItem.Art(tvshow.clearlogo)) | !String.IsEmpty(ListItem.Art(artist.clearlogo)) | [Skin.HasSetting(TMDBhCrop) + !String.IsEmpty(Window(Home).Property(TMDBHelper.ListItem.CropImage))]</expression>
    <expression name="Exp_Player_HasClearlogo">!String.IsEmpty(Player.Art(clearlogo)) | !String.IsEmpty(Player.Art(tvshow.clearlogo)) | !String.IsEmpty(Player.Art(artist.clearlogo)) | [Skin.HasSetting(TMDBhCrop) + !String.IsEmpty(Window(Home).Property(TMDBHelper.Player.CropImage))]</expression>

    <expression name="Exp_HasAutoCompletion">[System.HasAddon(plugin.program.autocompletion) + System.AddonIsEnabled(plugin.program.autocompletion)]</expression>

    <expression name="Exp_OSD_HasPlaylist">[VideoPlayer.Content(episodes) | VideoPlayer.Content(livetv) | [VideoPlayer.Content(movies) + !Integer.IsEqual(VideoPlayer.PlaylistLength,1) + !Integer.IsEqual(VideoPlayer.PlaylistLength,0)]]</expression>

    <expression name="RatingsVisiblity">
        [[!String.IsEmpty(ListItem.Rating) | !String.IsEmpty(VideoPlayer.Rating)] + !Skin.HasSetting(DisableStarRating)] |
        [!String.IsEmpty(ListItem.UserRating) + !Skin.HasSetting(Ratings.User)] |
        [[!String.IsEmpty(Window(Home).Property(TMDbHelper.ListItem.TMDb_Rating)) | !String.IsEmpty(Window(Home).Property(TMDbHelper.Player.TMDb_Rating))] + !Skin.HasSetting(Ratings.TheMovieDB)] |
        [[!String.IsEmpty(Window(Home).Property(TMDbHelper.ListItem.Trakt_Rating)) | !String.IsEmpty(Window(Home).Property(TMDbHelper.Player.Trakt_Rating))] + !Skin.HasSetting(Ratings.Trakt)] |
        [[!String.IsEmpty(Window(home).Property(TMDbHelper.ListItem.IMDb_Rating)) | !String.IsEmpty(Window(home).Property(TMDbHelper.Player.IMDb_Rating))] + [!Skin.HasSetting(Ratings.IMDB) | !Skin.HasSetting(Ratings.IMDB.Votes)] |
        [[!String.IsEmpty(Window(Home).Property(TMDbHelper.ListItem.Metacritic_Rating)) | !String.IsEmpty(Window(Home).Property(TMDbHelper.Player.Metacritic_Rating))] + !Skin.HasSetting(Ratings.Metacritic)] |
        [[!String.IsEmpty(Window(Home).Property(TMDbHelper.ListItem.RottenTomatoes_Rating)) | !String.IsEmpty(Window(Home).Property(TMDbHelper.Player.RottenTomatoes_Rating))] + !Skin.HasSetting(Ratings.RottenTomatoes)] |
        [String.Contains(Window(Home).Property(TMDbHelper.ListItem.Awards),Oscar) + String.Contains(Window(Home).Property(TMDbHelper.ListItem.Awards),Won) + !Skin.HasSetting(Ratings.Oscars)]]
    </expression>

    <!-- FONTS -->
    <expression name="FontSetIsDefault">String.IsEqual(Skin.Font,Default)</expression>
    <expression name="FontSetIsMedium">String.IsEqual(Skin.Font,Roboto Regular)</expression>
    <expression name="FontSetIsLarger">String.IsEqual(Skin.Font,Roboto Regular Larger)</expression>
    <expression name="FontSetIsMediumOrLarger">String.Contains(Skin.Font,Roboto Regular)</expression>

    <!-- GAMES -->
    <expression name="InGameMode">
       [ String.Contains(Container.FolderPath,plugin://plugin.program.ael) 
       | String.Contains(Container.FolderPath,plugin://plugin.program.advanced.launcher) 
       | String.Contains(Container.FolderPath,plugin://plugin.program.advanced.emulator.launcher) 
       | String.Contains(Container.FolderPath,plugin://plugin.program.akl) 
       | String.Contains(Container.FolderPath,plugin://plugin.program.advanced.MAME.launcher) 
       | String.Contains(Container.FolderPath,plugin://plugin.program.iagl) 
       | Window.IsActive(games) 
       | Container.Content(games) ]
    </expression>
    <expression name="InGameAEL">String.Contains(Container.FolderPath,plugin://plugin.program.ael) | String.Contains(Container.FolderPath,plugin://plugin.program.advanced.launcher) | String.Contains(Container.FolderPath,plugin://plugin.program.advanced.emulator.launcher) | String.Contains(Container.FolderPath,plugin://plugin.program.akl) | String.Contains(Container.FolderPath,plugin://plugin.program.advanced.MAME.launcher) | String.Contains(Container.FolderPath,plugin://plugin.program.iagl)</expression>

</includes>
