<window>
    <defaultcontrol always="true">300</defaultcontrol>
    <include>Defs_Settings_OnLoad</include>
    <onunload>RunScript(script.skinshortcuts,type=buildxml&amp;mainmenuID=301&amp;levels=1&amp;group=mainmenu|powermenu|searchmenu)</onunload>
    <controls>

        <include>Global_Background</include>
        <include>Defs_Settings_Background</include>
        <control type="group">
            <include>Dialog_Settings_Group</include>

            <include content="Defs_Settings_Changer">
                <onright>9000</onright>
            </include>

            <control type="group">
                <left>item_list_height</left>
                <control type="list" id="9000">
                    <description>button area</description>
                    <left>0</left>
                    <top>39</top>
                    <width>dialog_side_grouplist</width>
                    <height>702</height>
                    <itemgap>0</itemgap>
                    <onright>12111</onright>
                    <include>Defs_Settings_OnLeft</include>

                    <itemlayout width="550" height="item_list_height">
                        <control type="label">
                            <width>550</width>
                            <height>item_list_height</height>
                            <align>left</align>
                            <font>font_small</font>
                            <textoffsetx>30</textoffsetx>
                            <label>$INFO[ListItem.Label]</label>
                        </control>
                    </itemlayout>

                    <focusedlayout width="400" height="item_list_height">
                        <!-- Left Texture Fade -->
                        <include content="Defs_Settings_Texture">
                            <visible>!Control.HasFocus(300) + !Control.HasFocus(20)</visible>
                        </include>
                        <control type="label">
                            <width>400</width>
                            <height>item_list_height</height>
                            <align>left</align>
                            <font>font_small</font>
                            <textoffsetx>30</textoffsetx>
                            <textcolor>$VAR[Defs_Settings_ToggleButton_Text]</textcolor>
                            <label>$INFO[ListItem.Label]</label>
                        </control>
                    </focusedlayout>
                    
                    <content>
                        <item id="1">
                            <label>$LOCALIZE[10000]</label>
                            <onclick>noop</onclick>
                        </item>
                        <item id="2">
                            <label>$LOCALIZE[31110]</label>
                            <onclick>noop</onclick>
                        </item>
                        <item id="3">
                            <label>$LOCALIZE[31143]</label>
                            <onclick>noop</onclick>
                        </item>
                        <item id="4">
                            <label>$LOCALIZE[14022]</label>
                            <onclick>noop</onclick>
                        </item>
                        <item id="5">
                            <label>$LOCALIZE[31270]</label>
                            <onclick>noop</onclick>
                        </item>
                        <item id="6">
                            <label>$LOCALIZE[31422]</label>
                            <onclick>noop</onclick>
                        </item>
                        <item id="7">
                            <label>$LOCALIZE[31024]</label>
                            <onclick>noop</onclick>
                        </item>
                        <item id="8">
                            <label>$LOCALIZE[24996]</label>
                            <onclick>noop</onclick>
                        </item>
                        <item id="9">
                            <label>Resurrection</label>
                            <onclick>noop</onclick>
                        </item>
                    </content>
                </control>

                <control type="group" id="12111">
                    <!-- ==== -->
                    <!-- Home -->
                    <!-- ==== -->
                    <control type="grouplist" id="9999">
                        <description>control area</description>
                        <left>dialog_side_grouplist</left>
                        <top>39</top>
                        <right>0</right>
                        <height>702</height>
                        <itemgap>0</itemgap>
                        <onleft>9000</onleft>
                        <onup>9999</onup>
                        <ondown>9999</ondown>
                        <pagecontrol>61</pagecontrol>
                        <usecontrolcoords>true</usecontrolcoords>
                        <visible>Container(9000).HasFocus(1)</visible>

                        <control type="label" id="19181" description="LABEL">
                            <include>Dialog_Standard_HintLabel</include>
                            <label>$LOCALIZE[31139]</label>
                        </control>

                        <control type="button" id="19101" description="Customise Home">
                            <include>Defs_Settings_Button</include>
                            <label>$LOCALIZE[31109]</label>
                            <onclick>RunScript(script.skinshortcuts,type=manage&amp;group=mainmenu)</onclick>
                        </control>

                        <control type="button" id="19102" description="Home Layout">
                            <include>Defs_Settings_Button</include>
                            <label>$LOCALIZE[30045]</label>
                            <label2>$VAR[Label_SkinSettings_HomeLayout]</label2>
                            <onclick>SetProperty(CustomDialogWindow.header,$LOCALIZE[30045],home)</onclick>
                            <onclick>SetProperty(CustomDialogWindow.items,LayoutSettings,home)</onclick>
                            <onclick>ActivateWindow(1150)</onclick>
                        </control>

                        <control type="radiobutton" id="19112" description="Disable profile info in main menu">
                            <include>Defs_Settings_Button</include>
                            <label> - $LOCALIZE[30108]</label>
                            <visible>Skin.HasSetting(HomeMultiFlixView)</visible>
                            <selected>Skin.HasSetting(DisabledProfileInfo)</selected>
                            <onclick>Skin.ToggleSetting(DisabledProfileInfo)</onclick>
                        </control>

                        <control type="button" id="19109" description="Home Menu Style">
                            <include>Defs_Settings_Button</include>
                            <label>$LOCALIZE[30046]</label>
                            <label2>$VAR[Label_SkinSettings_MenuStyle]</label2>
                            <onclick>SetProperty(CustomDialogWindow.header,$LOCALIZE[30046],home)</onclick>
                            <onclick>SetProperty(CustomDialogWindow.items,MenuStyle,home)</onclick>
                            <onclick>ActivateWindow(1150)</onclick>
                            <visible>Skin.HasSetting(HomeMulti) + !Skin.HasSetting(HomeMultiHorizontal)</visible>
                        </control>

                        <control type="button" id="19110" description="Home Menu Style">
                            <include>Defs_Settings_Button</include>
                            <label>$LOCALIZE[30046]</label>
                            <label2>$VAR[Label_SkinSettings_MenuStyle]</label2>
                            <onclick>SetProperty(CustomDialogWindow.header,$LOCALIZE[30046],home)</onclick>
                            <onclick>SetProperty(CustomDialogWindow.items,MenuStyle2,home)</onclick>
                            <onclick>ActivateWindow(1150)</onclick>
                            <visible>[!Skin.HasSetting(HomeMulti) | Skin.HasSetting(HomeMultiHorizontal)]</visible>
                        </control>

                        <control type="radiobutton" id="19947" description="Hide menu when focus is on widgets">
                            <include>Defs_Settings_Button</include>
                            <label> - $LOCALIZE[31481]</label>
                            <selected>Skin.HasSetting(FlixHideMenu)</selected>
                            <onclick>Skin.ToggleSetting(FlixHideMenu)</onclick>
                            <visible>Skin.HasSetting(HomeMultiFlixView) + [Skin.HasSetting(VerticalIconsOnly) | Skin.HasSetting(HomeIcons)]</visible>
                        </control>

                        <control type="button" id="19119" description="Corner Icon">
                            <include>Defs_Settings_Button</include>
                            <label>$LOCALIZE[30047]</label>
                            <label2>$VAR[Label_SkinSettings_CornerIcon]</label2>
                            <onclick condition="String.IsEmpty(Skin.String(CornerIcon))">Skin.SetString(CornerIcon,Settings)</onclick>
                            <onclick condition="String.IsEqual(Skin.String(CornerIcon),Settings)">Skin.SetString(CornerIcon,Power)</onclick>
                            <onclick condition="String.IsEqual(Skin.String(CornerIcon),Power)">Skin.SetString(CornerIcon,Home)</onclick>
                            <onclick condition="String.IsEqual(Skin.String(CornerIcon),Home)">Skin.SetString(CornerIcon,Kodi)</onclick>
                            <onclick condition="String.IsEqual(Skin.String(CornerIcon),Kodi)">Skin.Reset(CornerIcon)</onclick>
                            <visible>!Skin.HasSetting(HomeTextAutoWidth) + [Skin.HasSetting(HomeMultiHorizontal) | !Skin.HasSetting(HomeMulti)] + !Skin.HasSetting(HomeIcons)</visible>
                        </control>

                        <control type="button" id="19108" description="Widget movement">
                            <include>Defs_Settings_Button</include>
                            <label>$LOCALIZE[30048]</label>
                            <label2>$VAR[Label_SkinSettings_WidgetMovement]</label2>
                            <onclick>Skin.ToggleSetting(FixedWidgets)</onclick>
                            <visible>Skin.HasSetting(HomeMulti)</visible>
                        </control>

                        <control type="radiobutton" id="19104" description="Submenu Only">
                            <include>Defs_Settings_Button</include>
                            <label>$LOCALIZE[31009]</label>
                            <selected>!Skin.HasSetting(SubmenuOnly)</selected>
                            <onclick>Skin.ToggleSetting(SubmenuOnly)</onclick>
                        </control>

                        <control type="button" id="19105" description="Global Widget">
                            <include>Defs_Settings_Button</include>
                            <label>$LOCALIZE[31113]</label>
                            <label2>$INFO[Skin.String(widgetPath)]</label2>
                            <onclick>RunScript(script.skinshortcuts,type=widgets&amp;showNone=True&amp;skinWidgetName=widgetName&amp;skinWidgetTarget=widgetTarget&amp;skinWidgetPath=widgetPath)</onclick>
                        </control>

                        <control type="radiobutton" id="19107" description="Auto Scroll Single Widgets">
                            <include>Defs_Settings_Button</include>
                            <label>$LOCALIZE[30049]</label>
                            <selected>!Skin.HasSetting(DisableAutoScrollWidgets)</selected>
                            <onclick>Skin.ToggleSetting(DisableAutoScrollWidgets)</onclick>
                        </control>

                        <control type="radiobutton" id="19111" description="Disable skin splash on startup">
                            <include>Defs_Settings_Button</include>
                            <label>$LOCALIZE[30100]</label>
                            <selected>Skin.HasSetting(DisplaySplashOnStartup)</selected>
                            <onclick>Skin.ToggleSetting(DisplaySplashOnStartup)</onclick>
                        </control>
                    </control>

                    <!-- ========== -->
                    <!-- Background -->
                    <!-- ========== -->
                    <control type="grouplist" id="9988">
                        <description>control area</description>
                        <left>dialog_side_grouplist</left>
                        <top>39</top>
                        <right>0</right>
                        <height>702</height>
                        <itemgap>0</itemgap>
                        <onleft>9000</onleft>
                        <onup>9988</onup>
                        <ondown>9988</ondown>
                        <pagecontrol>61</pagecontrol>
                        <usecontrolcoords>true</usecontrolcoords>
                        <visible>Container(9000).HasFocus(2)</visible>

                        <control type="label" id="19281" description="LABEL">
                            <include>Dialog_Standard_HintLabel</include>
                            <label>$LOCALIZE[31140]</label>
                        </control>

                        <control type="radiobutton" id="19202" description="No fanart">
                            <include>Defs_Settings_Button</include>
                            <label>$LOCALIZE[31121]</label>
                            <selected>!Skin.HasSetting(NoFanart)</selected>
                            <onclick>Skin.ToggleSetting(NoFanart)</onclick>
                        </control>

                        <control type="radiobutton" id="19201" description="Enable blur">
                            <include>Defs_Settings_Button</include>
                            <label>$LOCALIZE[31275]</label>
                            <selected>Skin.HasSetting(TMDbHelper.EnableBlur)</selected>
                            <onclick>Skin.ToggleSetting(TMDbHelper.EnableBlur)</onclick>
                            <enable>!Skin.HasSetting(NoFanart)</enable>
                        </control>

                        <control type="radiobutton" id="19207" description="Disable overlay">
                            <include>Defs_Settings_Button</include>
                            <label>$LOCALIZE[30099]</label>

                            <onclick>Skin.ToggleSetting(DisableBackgroundOverlay)</onclick>
                            <selected>Skin.HasSetting(DisableBackgroundOverlay)</selected>
                        </control>

                        <control type="button" id="19106" description="Set home background image">
                            <include>Defs_Settings_Button</include>
                            <label>$LOCALIZE[31150]</label>
                            <label2>$INFO[Skin.String(HomeBackgroundImage)]</label2>
                            <onclick>SetProperty(CustomDialogWindow.header,$LOCALIZE[31150],home)</onclick>
                            <onclick>SetProperty(CustomDialogWindow.items,FallbackImage,home)</onclick>
                            <onclick>ActivateWindow(1150)</onclick>
                        </control>

                        <control type="button" id="19204" description="Set fanart fallback image">
                            <include>Defs_Settings_Button</include>
                            <label>$LOCALIZE[31448]</label>
                            <label2>$INFO[Skin.String(fanart.fallback)]</label2>
                            <onclick>SetProperty(CustomDialogWindow.header,$LOCALIZE[31448],home)</onclick>
                            <onclick>SetProperty(CustomDialogWindow.items,FallbackImage_Fanart,home)</onclick>
                            <onclick>ActivateWindow(1150)</onclick>
                        </control>

                        <control type="radiobutton" id="19205" description="Show video in background">
                            <include>Defs_Settings_Button</include>
                            <label>$LOCALIZE[31111]</label>
                            <selected>Skin.HasSetting(global.showvideo)</selected>
                            <onclick>Skin.ToggleSetting(global.showvideo)</onclick>
                        </control>

                        <control type="radiobutton" id="19208" description="Play trailer in background on Flix View">
                            <include>Defs_Settings_Button</include>
                            <label>$LOCALIZE[30107]</label>
                            <enable>Skin.HasSetting(global.showvideo)</enable>
                            <selected>Skin.HasSetting(global.playtrailerinbg)</selected>
                            <onclick>Skin.ToggleSetting(global.playtrailerinbg)</onclick>
                        </control>

                        <control type="button" id="19209" description="Set delay to playing trailers in Flix View">
                            <include>Defs_Settings_Button</include>
                            <label>$LOCALIZE[30111]</label>
                            <label2>$VAR[Def_Trailer_Delay]</label2>

                            <enable>Skin.HasSetting(global.showvideo) + Skin.HasSetting(global.playtrailerinbg)</enable>

                            <onclick>SetProperty(CustomDialogWindow.header,$LOCALIZE[30111],home)</onclick>
                            <onclick>SetProperty(CustomDialogWindow.items,TrailerDelay,home)</onclick>
                            <onclick>ActivateWindow(1150)</onclick>
                        </control>

                        <control type="button" id="192047" description="Set Timer Per Image">
                            <include>Defs_Settings_Button</include>
                            <label>$LOCALIZE[31128]</label>
                            <label2>$INFO[Skin.String(AutoScroll)]</label2>

                            <onclick>SetProperty(CustomDialogWindow.header,$LOCALIZE[31128],home)</onclick>
                            <onclick>SetProperty(CustomDialogWindow.items,TimePerImage,home)</onclick>
                            <onclick>ActivateWindow(1150)</onclick>
                        </control>
                    </control>

                    <!-- ============= -->
                    <!-- Miscellaneous -->
                    <!-- ============= -->
                    <control type="grouplist" id="9977">
                        <description>control area</description>
                        <left>dialog_side_grouplist</left>
                        <top>39</top>
                        <right>0</right>
                        <height>702</height>
                        <itemgap>0</itemgap>
                        <onleft>9000</onleft>
                        <onup>9977</onup>
                        <ondown>9977</ondown>
                        <pagecontrol>61</pagecontrol>
                        <usecontrolcoords>true</usecontrolcoords>
                        <visible>Container(9000).HasFocus(3)</visible>

                        <control type="label" id="19381" description="LABEL">
                            <include>Dialog_Standard_HintLabel</include>
                            <label>$LOCALIZE[14078]</label>
                        </control>

                        <control type="button" id="19301" description="Color Highlight">
                            <include>Defs_Settings_Button</include>
                            <label>$LOCALIZE[30098]</label>
                            <label2>$INFO[Skin.String(focuscolor.name)]</label2>
                            <onclick>SetProperty(colorpick,$LOCALIZE[30084],Home)</onclick>
                            <onclick>ActivateWindow(1117)</onclick>
                        </control>

                        <control type="button" id="19305" description="Color Highlight2">
                            <include>Defs_Settings_Button</include>
                            <label>$LOCALIZE[30086]</label>
                            <label2>$INFO[Skin.String(gradientcolor.name)]</label2>
                            <onclick>SetProperty(colorpick,$LOCALIZE[30085],Home)</onclick>
                            <onclick>ActivateWindow(1117)</onclick>
                        </control>

                        <control type="radiobutton" id="19308" description="Monochrome Highlight">
                            <include>Defs_Settings_Button</include>
                            <label>$LOCALIZE[30097]</label>
                            <selected>Skin.HasSetting(EnableMonochromeHighlight)</selected>
                            <onclick>Skin.ToggleSetting(EnableMonochromeHighlight)</onclick>
                            <onclick condition="!Skin.HasSetting(EnableMonochromeHighlight)">RunScript(script.skinhelper,monochrome=true,highlight=$VAR[ColorHighlight],reload=true)</onclick>
                            <onclick condition="Skin.HasSetting(EnableMonochromeHighlight)">RunScript(script.skinhelper,gradient=true,highlight=$VAR[ColorHighlight],gradient=$VAR[ColorGradient],reload=true)</onclick>
                        </control>

                        <control type="button" id="19302" description="Color Highlight">
                            <include>Defs_Settings_Button</include>
                            <label>$LOCALIZE[31013]</label>
                            <label2>$INFO[Skin.String(PosterHighlight)]</label2>
                            <onclick condition="String.IsEqual(Skin.String(PosterHighlight),White)">Skin.SetString(PosterHighlight,Highlight)</onclick>
                            <onclick condition="String.IsEqual(Skin.String(PosterHighlight),Mix)">Skin.SetString(PosterHighlight,White)</onclick>
                            <onclick condition="String.IsEqual(Skin.String(PosterHighlight),Highlight) | String.IsEmpty(Skin.String(PosterHighlight))">Skin.SetString(PosterHighlight,Mix)</onclick>
                        </control>

                        <control type="radiobutton" id="19531" description="Invert text color">
                            <include>Defs_Settings_Button</include>
                            <label> - $LOCALIZE[31459]</label>
                            <selected>Skin.HasSetting(InvertTextColor)</selected>
                            <onclick>Skin.ToggleSetting(InvertTextColor)</onclick>
                        </control>

                        <control type="radiobutton" id="19938" description="Highlight transparency">
                            <include>Defs_Settings_Button</include>
                            <label> - $LOCALIZE[31463]</label>
                            <selected>Skin.HasSetting(HighlightTransparency)</selected>
                            <onclick>Skin.ToggleSetting(HighlightTransparency)</onclick>
                        </control>

                        <control type="button" id="19939" description="Highlight Alpha Value">
                            <include>Defs_Settings_Button</include>
                            <label> - $LOCALIZE[31464]</label>
                            <label2>$INFO[Skin.String(AlphaValue_Highlight),,%]</label2>
                            <onclick>SetProperty(CustomDialogWindow.header,$LOCALIZE[31464],home)</onclick>
                            <onclick>SetProperty(CustomDialogWindow.items,AlphaValue_Highlight,home)</onclick>
                            <onclick>ActivateWindow(1150)</onclick>
                            <enable>Skin.HasSetting(HighlightTransparency)</enable>
                        </control>

                        <control type="radiobutton" id="19314" description="Enable zoom on hover">
                            <include>Defs_Settings_Button</include>
                            <label>$LOCALIZE[30109]</label>
                            <selected>Skin.HasSetting(EnableZoomOnHover)</selected>
                            <onclick>Skin.ToggleSetting(EnableZoomOnHover)</onclick>
                        </control>

                        <control type="radiobutton" id="19312" description="Geometric panels">
                            <include>Defs_Settings_Button</include>
                            <label>$LOCALIZE[31189]</label>
                            <selected>Skin.HasSetting(EnableGeometric)</selected>
                            <onclick>Skin.ToggleSetting(EnableGeometric)</onclick>
                        </control>

                        <control type="radiobutton" id="19313" description="Use High Contrast Colors">
                            <include>Defs_Settings_Button</include>
                            <label>$LOCALIZE[31438]</label>
                            <selected>Skin.HasSetting(EnableHighContrastWidgetText)</selected>
                            <onclick>Skin.ToggleSetting(EnableHighContrastWidgetText)</onclick>
                        </control>

                        <control type="label" id="19382" description="LABEL">
                            <include>Dialog_Standard_HintLabel</include>
                            <label>$LOCALIZE[31165]</label>
                        </control>

                        <control type="button" id="19303" description="Customise Shutdown Menu">
                            <include>Defs_Settings_Button</include>
                            <label>$LOCALIZE[31027]</label>
                            <onclick>RunScript(script.skinshortcuts,type=manage&amp;group=powermenu)</onclick>
                        </control>

                        <control type="button" id="19304" description="Info lists">
                            <include>Defs_Settings_Button</include>
                            <label>$LOCALIZE[31015]</label>
                            <onclick>ActivateWindow(1119)</onclick>
                        </control>

                        <control type="button" id="19306" description="Search lists">
                            <include>Defs_Settings_Button</include>
                            <label>$LOCALIZE[31166]</label>
                            <onclick>RunScript(script.skinshortcuts,type=manage&amp;group=searchmenu)</onclick>
                        </control>

                        <control type="label" id="19385" description="LABEL">
                            <include>Dialog_Standard_HintLabel</include>
                            <label>$LOCALIZE[30050]</label>
                        </control>

                        <control type="button" id="19936" description="Alpha Value">
                            <include>Defs_Settings_Button</include>
                            <label>$LOCALIZE[31461]</label>
                            <label2>$INFO[Skin.String(AlphaValue),,%]</label2>
                            <onclick>SetProperty(CustomDialogWindow.header,$LOCALIZE[31461],home)</onclick>
                            <onclick>SetProperty(CustomDialogWindow.items,AlphaValue,home)</onclick>
                            <onclick>ActivateWindow(1150)</onclick>
                        </control>

                        <control type="radiobutton" id="19323" description="Kiosk Mode">
                            <include>Defs_Settings_Button</include>
                            <label>$LOCALIZE[31199]</label>
                            <selected>Skin.HasSetting(KioskMode)</selected>
                            <onclick>Skin.ToggleSetting(KioskMode)</onclick>
                        </control>

                        <control type="button" id="19399" description="Startup Video">
                            <include>Defs_Settings_Button</include>
                            <label>$LOCALIZE[31168]</label>
                            <label2>$INFO[Skin.String(StartupPlaylist)]</label2>
                            <onclick condition="String.IsEmpty(Skin.String(StartupPlaylist))">Skin.SetFile(StartupPlaylist,.mp4|.avi|.mkv|.xvid|.wmv|.mov|.xsp|.mp3|.wma|.flac|.m3u)</onclick>
                            <onclick condition="!String.IsEmpty(Skin.String(StartupPlaylist))">Skin.Reset(StartupPlaylist)</onclick>
                        </control>
                    </control>

                    <!-- ======= -->
                    <!-- Library -->
                    <!-- ======= -->
                    <control type="grouplist" id="9966">
                        <description>control area</description>
                        <left>dialog_side_grouplist</left>
                        <top>39</top>
                        <right>0</right>
                        <height>702</height>
                        <itemgap>0</itemgap>
                        <onleft>9000</onleft>
                        <onup>9966</onup>
                        <ondown>9966</ondown>
                        <pagecontrol>61</pagecontrol>
                        <usecontrolcoords>true</usecontrolcoords>
                        <visible>Container(9000).HasFocus(4)</visible>

                        <control type="label" id="19483" description="LABEL">
                            <include>Dialog_Standard_HintLabel</include>
                            <label>$LOCALIZE[31146]</label>
                        </control>

                        <control type="button" id="19410" description="Ratings">
                            <include>Defs_Settings_Button</include>
                            <label>$LOCALIZE[31116]</label>
                            <onclick>ActivateWindow(1118)</onclick>
                        </control>

                        <control type="button" id="19414" description="Switch to colorful icons">
                            <include>Defs_Settings_Button</include>
                            <label>$LOCALIZE[30083]</label>
                            <label2>$VAR[IconsColorLabel_Var]</label2>
                            <onclick>SetProperty(CustomDialogWindow.header,$LOCALIZE[30083],home)</onclick>
                            <onclick>SetProperty(CustomDialogWindow.items,IconStyle,home)</onclick>
                            <onclick>ActivateWindow(1150)</onclick>
                        </control>

                        <control type="radiobutton" id="19412" description="Plot overlay">
                            <include>Defs_Settings_Button</include>
                            <label>$LOCALIZE[31379]</label>
                            <selected>Skin.HasSetting(AutoPlotOverlay)</selected>
                            <onclick>Skin.ToggleSetting(AutoPlotOverlay)</onclick>
                        </control>

                        <control type="radiobutton" id="19413" description="Show page and item counts below weather/time">
                            <include>Defs_Settings_Button</include>
                            <label>$LOCALIZE[31439]</label>
                            <selected>Skin.HasSetting(EnableShowItemCount)</selected>
                            <onclick>Skin.ToggleSetting(EnableShowItemCount)</onclick>
                        </control>

                        <control type="label" id="19481" description="LABEL">
                            <include>Dialog_Standard_HintLabel</include>
                            <label>$LOCALIZE[31152]</label>
                        </control>

                        <control type="button" id="19948" description="Configure viewtypes">
                            <include>Defs_Settings_Button</include>
                            <label>$LOCALIZE[31482]</label>
                            <onclick>runscript(script.skinvariables,action=buildviews,configure)</onclick>
                        </control>

                        <control type="radiobutton" id="19405" description="Flip sides">
                            <include>Defs_Settings_Button</include>
                            <label>$LOCALIZE[31016]</label>
                            <selected>Skin.HasSetting(FlipSide)</selected>
                            <onclick>Skin.ToggleSetting(FlipSide)</onclick>
                        </control>

                        <control type="button" id="19406" description="Show clearlogo if available">
                            <include>Defs_Settings_Button</include>
                            <label>$LOCALIZE[31019]</label>
                            <label2>$VAR[Label_Setting_TitleLogo]</label2>
                            <onclick>Skin.ToggleSetting(ShowClearlogo)</onclick>
                        </control>

                        <control type="button" id="19951" description="Clearlogo in extended info dialog">
                            <include>Defs_Settings_Button</include>
                            <label>$LOCALIZE[31485]</label>
                            <label2>$VAR[Label_Setting_TitleLogo2]</label2>
                            <onclick>Skin.ToggleSetting(EI_Clearlogo)</onclick>
                        </control>

                        <control type="radiobutton" id="19956" description="Use TMDBh to crop clearlogo">
                            <include>Defs_Settings_Button</include>
                            <label> - $LOCALIZE[31501]</label>
                            <selected>Skin.HasSetting(TMDBhCrop)</selected>
                            <onclick>Skin.ToggleSetting(TMDBhCrop)</onclick>
                            <onclick condition="!Skin.HasSetting(TMDbHelper.EnableCrop)">Skin.SetBool(TMDbHelper.EnableCrop)</onclick>
                            <onclick condition="Skin.HasSetting(TMDbHelper.EnableCrop)">Skin.Reset(TMDbHelper.EnableCrop)</onclick>
                            <enable>Skin.HasSetting(ShowClearlogo) | Skin.HasSetting(EI_Clearlogo)</enable>
                        </control>

                        <control type="radiobutton" id="19408" description="Default list labels">
                            <include>Defs_Settings_Button</include>
                            <label>$LOCALIZE[31095]</label>
                            <selected>!Skin.HasSetting(EnhancedAddonLabels)</selected>
                            <onclick>Skin.ToggleSetting(EnhancedAddonLabels)</onclick>
                        </control>

                        <control type="radiobutton" id="19441" description="Duration instead of rating in list view">
                            <include>Defs_Settings_Button</include>
                            <label>$LOCALIZE[31442]</label>
                            <selected>Skin.HasSetting(ItemDuration_ListView)</selected>
                            <onclick>Skin.ToggleSetting(ItemDuration_ListView)</onclick>
                        </control>

                        <control type="radiobutton" id="19409" description="Tracknaming template">
                            <include>Defs_Settings_Button</include>
                            <label>$LOCALIZE[31096]</label>
                            <selected>Skin.HasSetting(UseTrackNamingTemplate)</selected>
                            <onclick>Skin.ToggleSetting(UseTrackNamingTemplate)</onclick>
                        </control>

                        <control type="radiobutton" id="19941" description="Disable infoline genre">
                            <include>Defs_Settings_Button</include>
                            <label>$LOCALIZE[31473]</label>
                            <selected>Skin.HasSetting(Infoline.DisableGenre)</selected>
                            <onclick>Skin.ToggleSetting(Infoline.DisableGenre)</onclick>
                        </control>

                        <control type="radiobutton" id="19944" description="Disable MPAA">
                            <include>Defs_Settings_Button</include>
                            <label>$LOCALIZE[31476]</label>
                            <selected>Skin.HasSetting(Infoline.DisableMPAA)</selected>
                            <onclick>Skin.ToggleSetting(Infoline.DisableMPAA)</onclick>
                        </control>

                        <control type="radiobutton" id="19946" description="Disable Match Info">
                            <include>Defs_Settings_Button</include>
                            <label>$LOCALIZE[31478]</label>
                            <selected>Skin.HasSetting(Infoline.DisableMatch)</selected>
                            <onclick>Skin.ToggleSetting(Infoline.DisableMatch)</onclick>
                            <visible>Skin.HasSetting(HomeMultiFlixView)</visible>
                        </control>

                        <control type="label" id="19950" description="LABEL">
                            <include>Dialog_Standard_HintLabel</include>
                            <label>$LOCALIZE[31484]</label>
                        </control>

                        <control type="radiobutton" id="19402" description="Disable watched indicators">
                            <include>Defs_Settings_Button</include>
                            <label>$LOCALIZE[31317]</label>
                            <selected>!Skin.HasSetting(DisableWatchedOverlay)</selected>
                            <onclick>Skin.ToggleSetting(DisableWatchedOverlay)</onclick>
                        </control>

                        <control type="radiobutton" id="19949" description="Unwatched episodes count indicator">
                            <include>Defs_Settings_Button</include>
                            <label>$LOCALIZE[31483]</label>
                            <selected>Skin.HasSetting(UnwatchedCountIndicator)</selected>
                            <onclick>Skin.ToggleSetting(UnwatchedCountIndicator)</onclick>
                        </control>

                        <control type="radiobutton" id="19940" description="Premiere and finale indicators">
                            <include>Defs_Settings_Button</include>
                            <label>$LOCALIZE[31471]</label>
                            <selected>Skin.HasSetting(SeriesIndicators)</selected>
                            <onclick>Skin.ToggleSetting(SeriesIndicators)</onclick>
                        </control>

                        <control type="label" id="19482" description="LABEL">
                            <include>Dialog_Standard_HintLabel</include>
                            <label>$LOCALIZE[31144]</label>
                        </control>

                        <control type="radiobutton" id="19431">
                            <label>$LOCALIZE[31174]</label>
                            <include>Defs_Settings_Button</include>
                            <selected>!Skin.HasSetting(LandscapeArt)</selected>
                            <onclick>Skin.ToggleSetting(LandscapeArt)</onclick>
                        </control>

                        <control type="radiobutton" id="19407" description="Roboto Fonts">
                            <include>Defs_Settings_Button</include>
                            <label>$LOCALIZE[31092]</label>
                            <selected>Skin.HasSetting(FauneFonts)</selected>
                            <onclick>Skin.ToggleSetting(FauneFonts)</onclick>
                            <onclick>ReloadSkin()</onclick>
                        </control>
                    </control>

                    <!-- ================= -->
                    <!-- Video / Music OSD -->
                    <!-- ================= -->
                    <control type="grouplist" id="9955">
                        <description>control area</description>
                        <left>dialog_side_grouplist</left>
                        <top>39</top>
                        <right>0</right>
                        <height>702</height>
                        <itemgap>0</itemgap>
                        <onleft>9000</onleft>
                        <onup>9955</onup>
                        <ondown>9955</ondown>
                        <pagecontrol>61</pagecontrol>
                        <usecontrolcoords>true</usecontrolcoords>
                        <visible>Container(9000).HasFocus(5)</visible>

                        <control type="label" id="19484" description="LABEL">
                            <include>Dialog_Standard_HintLabel</include>
                            <label>$LOCALIZE[31146]</label>
                        </control>

                        <control type="radiobutton" id="19521" description="Show clearart">
                            <include>Defs_Settings_Button</include>
                            <label>$LOCALIZE[31434]</label>
                            <selected>Skin.HasSetting(ShowOSDClearArt)</selected>
                            <onclick>Skin.ToggleSetting(ShowOSDClearArt)</onclick>
                            <enable>!Skin.HasSetting(ShowInfoPaused)</enable>
                        </control>

                        <control type="button" id="19506" description="Close OSD Auto">
                            <include>Defs_Settings_Button</include>
                            <label>$LOCALIZE[31386]</label>
                            <label2>$INFO[Skin.String(OSD_Timeout),,]</label2>

                            <onclick>SetProperty(CustomDialogWindow.header,$LOCALIZE[31386],home)</onclick>
                            <onclick>SetProperty(CustomDialogWindow.items,OSD_Timeout,home)</onclick>
                            <onclick>ActivateWindow(1150)</onclick>
                            <selected>!String.IsEmpty(Skin.String(OSD_Timeout))</selected>
                        </control>

                        <control type="radiobutton" id="19522" description="Autohide seekbar after pausing">
                            <include>Defs_Settings_Button</include>
                            <label>$LOCALIZE[31387]</label>
                            <onclick>Skin.ToggleSetting(OSD.AutoHideOnPause)</onclick>
                            <enable>!String.IsEmpty(Skin.String(OSD_Timeout))</enable>
                            <selected>Skin.HasSetting(OSD.AutoHideOnPause)</selected>
                        </control>

                        <control type="label" id="19501" description="LABEL VIDEO OSD">
                            <include>Dialog_Standard_HintLabel</include>
                            <label>$LOCALIZE[31346]</label>
                        </control>
                        <control type="radiobutton" id="19502" description="Show detailed info on pause">
                            <include>Defs_Settings_Button</include>
                            <label>$LOCALIZE[31145]</label>
                            <selected>Skin.HasSetting(ShowInfoPaused)</selected>
                            <onclick>Skin.ToggleSetting(ShowInfoPaused)</onclick>
                        </control>
                        <control type="radiobutton" id="19503" description="Only show seekbar on pressing info">
                            <include>Defs_Settings_Button</include>
                            <label>$LOCALIZE[31201]</label>
                            <selected>Skin.HasSetting(DisableOSDInfo)</selected>
                            <onclick>Skin.ToggleSetting(DisableOSDInfo)</onclick>
                        </control>

                        <control type="radiobutton" id="19504" description="Dont pause on information">
                            <include>Defs_Settings_Button</include>
                            <label>$LOCALIZE[31079]</label>
                            <selected>!Skin.HasSetting(DontPauseOSD)</selected>
                            <onclick>Skin.ToggleSetting(DontPauseOSD)</onclick>
                        </control>

                        <control type="radiobutton" id="19505" description="Subs button opens subtitle settings">
                            <include>Defs_Settings_Button</include>
                            <label>$LOCALIZE[31409]</label>
                            <selected>Skin.HasSetting(OSDSubtitleSettings)</selected>
                            <onclick>Skin.ToggleSetting(OSDSubtitleSettings)</onclick>
                        </control>

                        <control type="radiobutton" id="19528" description="Audio button opens audio settings">
                            <include>Defs_Settings_Button</include>
                            <label>$LOCALIZE[31455]</label>
                            <selected>Skin.HasSetting(OSDAudioSettings)</selected>
                            <onclick>Skin.ToggleSetting(OSDAudioSettings)</onclick>
                        </control>

                        <control type="radiobutton" id="19523" description="Scroll seekbar instead of showing info panel">
                            <include>Defs_Settings_Button</include>
                            <label>$LOCALIZE[31450]</label>
                            <selected>Skin.HasSetting(PlayerScrollSeekbar)</selected>
                            <onclick>Skin.ToggleSetting(PlayerScrollSeekbar)</onclick>
                        </control>

                        <control type="radiobutton" id="19942" description="Hide play/pause button">
                            <include>Defs_Settings_Button</include>
                            <label>$LOCALIZE[31474]</label>
                            <selected>Skin.HasSetting(HidePlayPauseButton)</selected>
                            <onclick>Skin.ToggleSetting(HidePlayPauseButton)</onclick>
                        </control>

                        <control type="radiobutton" id="19943" description="Hide stop button">
                            <include>Defs_Settings_Button</include>
                            <label>$LOCALIZE[31475]</label>
                            <selected>Skin.HasSetting(HideStopButton)</selected>
                            <onclick>Skin.ToggleSetting(HideStopButton)</onclick>
                        </control>

                        <control type="radiobutton" id="19524" description="Hide forward/rewind button">
                            <include>Defs_Settings_Button</include>
                            <label>$LOCALIZE[31451]</label>
                            <selected>Skin.HasSetting(HideForwardRewindButton)</selected>
                            <onclick>Skin.ToggleSetting(HideForwardRewindButton)</onclick>
                        </control>

                        <control type="radiobutton" id="19525" description="Hide chapters button">
                            <include>Defs_Settings_Button</include>
                            <label>$LOCALIZE[31452]</label>
                            <selected>Skin.HasSetting(HideChaptersButton)</selected>
                            <onclick>Skin.ToggleSetting(HideChaptersButton)</onclick>
                        </control>
                
                        <control type="radiobutton" id="19526" description="Hide settings button">
                            <include>Defs_Settings_Button</include>
                            <label>$LOCALIZE[31453]</label>
                            <selected>Skin.HasSetting(HideSettingsButton)</selected>
                            <onclick>Skin.ToggleSetting(HideSettingsButton)</onclick>
                        </control>

                        <control type="radiobutton" id="19532" description="Hide bookmarks button">
                            <include>Defs_Settings_Button</include>
                            <label>$LOCALIZE[31479]</label>
                            <selected>Skin.HasSetting(HideBookmarksButton)</selected>
                            <onclick>Skin.ToggleSetting(HideBookmarksButton)</onclick>
                        </control>

                        <control type="radiobutton" id="19527" description="Hide player process info button">
                            <include>Defs_Settings_Button</include>
                            <label>$LOCALIZE[31454]</label>
                            <selected>Skin.HasSetting(HidePlayerInfoButton)</selected>
                            <onclick>Skin.ToggleSetting(HidePlayerInfoButton)</onclick>
                        </control>

                        <control type="radiobutton" id="19517" description="Show player tempo controls">
                            <include>Defs_Settings_Button</include>
                            <label>$LOCALIZE[30110]</label>
                            <selected>Skin.HasSetting(PlayerTempoControls)</selected>
                            <onclick>Skin.ToggleSetting(PlayerTempoControls)</onclick>
                        </control>

                        <control type="radiobutton" id="19529" description="Show remaining time instead of end time">
                            <include>Defs_Settings_Button</include>
                            <label>$LOCALIZE[31456]</label>
                            <selected>Skin.HasSetting(ShowTimeRemaining)</selected>
                            <onclick>Skin.ToggleSetting(ShowTimeRemaining)</onclick>
                        </control>

                        <control type="radiobutton" id="19937" description="Hide extra info background">
                            <include>Defs_Settings_Button</include>
                            <label>$LOCALIZE[31462]</label>
                            <selected>Skin.HasSetting(EI_HideBG)</selected>
                            <onclick>Skin.ToggleSetting(EI_HideBG)</onclick>
                        </control>

                        <control type="radiobutton" id="19955" description="Hide CD Spin VideoOSD">
                            <include>Defs_Settings_Button</include>
                            <label>$LOCALIZE[31500]</label>
                            <selected>Skin.HasSetting(Video.HideCD)</selected>
                            <onclick>Skin.ToggleSetting(Video.HideCD)</onclick>
                        </control>

                        <control type="label" id="19507" description="LABEL MUSIC OSD">
                            <include>Dialog_Standard_HintLabel</include>
                            <label>$LOCALIZE[31347]</label>
                        </control>
                        <control type="radiobutton" id="19508" description="Show Fanart">
                            <include>Defs_Settings_Button</include>
                            <label>$LOCALIZE[31121]</label>
                            <selected>Skin.HasSetting(musicvis.fanartfallback)</selected>
                            <enable>Skin.HasSetting(ArtistSlideShow.Disabled)</enable>
                            <onclick>Skin.ToggleSetting(musicvis.fanartfallback)</onclick>
                        </control>
                        <control type="radiobutton" id="19509" description="Show slideshow in background">
                            <include>Defs_Settings_Button</include>
                            <label>$LOCALIZE[31118]</label>
                            <selected>!Skin.HasSetting(ArtistSlideShow.Disabled)</selected>
                            <onclick>Skin.ToggleSetting(ArtistSlideShow.Disabled)</onclick>
                        </control>
                        <control type="radiobutton" id="19510" description="Show slideshow in background">
                            <include>Defs_Settings_Button</include>
                            <label>$LOCALIZE[31119]</label>
                            <selected>Skin.HasSetting(OSDVisualisation.ShowFanart)</selected>
                            <onclick>Skin.ToggleSetting(OSDVisualisation.ShowFanart)</onclick>
                            <enable>Skin.HasSetting(musicvis.fanartfallback) | !Skin.HasSetting(ArtistSlideShow.Disabled)</enable>
                        </control>
                        <control type="radiobutton" id="19511" description="Colour overlay">
                            <include>Defs_Settings_Button</include>
                            <label>$LOCALIZE[31087]</label>
                            <selected>!Skin.HasSetting(HideOSDDiffuseColors)</selected>
                            <onclick>Skin.ToggleSetting(HideOSDDiffuseColors)</onclick>
                        </control>
                        <control type="radiobutton" id="19512" description="Scrolling Text">
                            <include>Defs_Settings_Button</include>
                            <label>$LOCALIZE[31088]</label>
                            <selected>Skin.HasSetting(Visualisation.EnableScrollingText)</selected>
                            <onclick>Skin.ToggleSetting(Visualisation.EnableScrollingText)</onclick>
                        </control>
                        <control type="radiobutton" id="19514" description="Animate Artist slideshow">
                            <include>Defs_Settings_Button</include>
                            <label>$LOCALIZE[31120]</label>
                            <selected>Skin.HasSetting(ArtistSlideshow.Animate)</selected>
                            <onclick>Skin.ToggleSetting(ArtistSlideshow.Animate)</onclick>
                            <enable>Skin.HasSetting(musicvis.fanartfallback) | !Skin.HasSetting(ArtistSlideShow.Disabled)</enable>
                        </control>

                        <control type="radiobutton" id="19515" description="Musicvideo auto info">
                            <include>Defs_Settings_Button</include>
                            <label>$LOCALIZE[31314]</label>
                            <selected>!Skin.HasSetting(DisableMusicVideoAutoInfo)</selected>
                            <onclick>Skin.ToggleSetting(DisableMusicVideoAutoInfo)</onclick>
                            <visible>!Skin.HasSetting(BigMusicVis)</visible>
                        </control>
                        <control type="radiobutton" id="19516" description="AutoMusicVis">
                            <include>Defs_Settings_Button</include>
                            <label>$LOCALIZE[31158]</label>
                            <selected>Skin.HasSetting(AutoMusicVis)</selected>
                            <onclick>Skin.ToggleSetting(AutoMusicVis)</onclick>
                        </control>
                        <control type="radiobutton" id="19518" description="Use long music osd">
                            <include>Defs_Settings_Button</include>
                            <label>$LOCALIZE[31132]</label>
                            <selected>Skin.HasSetting(UseLongMusicOSD)</selected>
                            <onclick>Skin.ToggleSetting(UseLongMusicOSD)</onclick>
                        </control>
                        <control type="radiobutton" id="19519" description="Show Artist Image">
                            <include>Defs_Settings_Button</include>
                            <label>$LOCALIZE[31130]</label>
                            <enable>!Skin.HasSetting(UseLongMusicOSD)</enable>
                            <selected>!Skin.HasSetting(DisableMusicOSDArtistImage)</selected>
                            <onclick>Skin.ToggleSetting(DisableMusicOSDArtistImage)</onclick>
                        </control>
                        <control type="radiobutton" id="19520" description="Square Artist">
                            <include>Defs_Settings_Button</include>
                            <label>$LOCALIZE[31129]</label>
                            <enable>!Skin.HasSetting(DisableMusicOSDArtistImage) + !Skin.HasSetting(UseLongMusicOSD)</enable>
                            <selected>Skin.HasSetting(MusicOSDSquareArtist)</selected>
                            <onclick>Skin.ToggleSetting(MusicOSDSquareArtist)</onclick>
                        </control>
                        <control type="radiobutton" id="19952" description="Hide CD Spin">
                            <include>Defs_Settings_Button</include>
                            <label>$LOCALIZE[31497]</label>
                            <selected>Skin.HasSetting(Music.HideCD)</selected>
                            <onclick>Skin.ToggleSetting(Music.HideCD)</onclick>
                        </control>
                    </control>

                    <!-- ============= -->
                    <!-- Live TV / PVR -->
                    <!-- ============= -->
                    <control type="grouplist" id="9944">
                        <description>control area</description>
                        <left>dialog_side_grouplist</left>
                        <top>39</top>
                        <right>0</right>
                        <height>702</height>
                        <itemgap>0</itemgap>
                        <onleft>9000</onleft>
                        <onup>9944</onup>
                        <ondown>9944</ondown>
                        <pagecontrol>61</pagecontrol>
                        <usecontrolcoords>true</usecontrolcoords>
                        <visible>Container(9000).HasFocus(6)</visible>

                        <control type="label" id="19681" description="LABEL">
                            <include>Dialog_Standard_HintLabel</include>
                            <label>$LOCALIZE[31156]</label>
                        </control>

                        <control type="radiobutton" id="19601" description="Slim mode">
                            <include>Defs_Settings_Button</include>
                            <label>$LOCALIZE[31093]</label>
                            <selected>!Skin.HasSetting(PVRGuide.DisableSlimMode)</selected>
                            <onclick>Skin.ToggleSetting(PVRGuide.DisableSlimMode)</onclick>
                        </control>

                        <control type="radiobutton" id="19605" description="Replace genre with time">
                            <include>Defs_Settings_Button</include>
                            <label>$LOCALIZE[31175]</label>
                            <selected>Skin.HasSetting(PVRGuide.StartEnd)</selected>
                            <enable>Skin.HasSetting(PVRGuide.DisableSlimMode)</enable>
                            <onclick>Skin.ToggleSetting(PVRGuide.StartEnd)</onclick>
                        </control>

                        <control type="radiobutton" id="19602" description="Info">
                            <include>Defs_Settings_Button</include>
                            <label>$LOCALIZE[22081]</label>
                            <selected>Skin.HasSetting(PVRGuide.Info)</selected>
                            <onclick>Skin.ToggleSetting(PVRGuide.Info)</onclick>
                        </control>

                        <control type="radiobutton" id="19603" description="Channel Numbers">
                            <include>Defs_Settings_Button</include>
                            <label>$LOCALIZE[31206]</label>
                            <enable>!Skin.HasSetting(PVRGuide.DisableSlimMode)</enable>
                            <selected>Skin.HasSetting(PVRGuide.ChannelNumber)</selected>
                            <onclick>Skin.ToggleSetting(PVRGuide.ChannelNumber)</onclick>
                        </control>

                        <control type="radiobutton" id="19612" description="Disable channel label in pvr guide">
                            <include>Defs_Settings_Button</include>
                            <label>$LOCALIZE[31441]</label>
                            <selected>Skin.HasSetting(DisableChannelLabel)</selected>
                            <onclick>Skin.ToggleSetting(DisableChannelLabel)</onclick>
                        </control>

                        <control type="radiobutton" id="19530" description="Hide channels icon in pvr guide">
                            <include>Defs_Settings_Button</include>
                            <label>$LOCALIZE[31458]</label>
                            <enable>!Skin.HasSetting(DisableChannelLabel)</enable>
                            <selected>Skin.HasSetting(HideChannelsIcon)</selected>
                            <onclick>Skin.ToggleSetting(HideChannelsIcon)</onclick>
                        </control>

                        <control type="label" id="19682" description="LABEL">
                            <include>Dialog_Standard_HintLabel</include>
                            <label>$LOCALIZE[31146]</label>
                        </control>

                        <control type="radiobutton" id="19611" description="Colordiffuse to icons">
                            <include>Defs_Settings_Button</include>
                            <label>$LOCALIZE[31094]</label>
                            <selected>Skin.HasSetting(PVRGuide.ColorDiffuse)</selected>
                            <onclick>Skin.ToggleSetting(PVRGuide.ColorDiffuse)</onclick>
                        </control>
                    </control>

                    <!-- ============= -->
                    <!-- Furniture -->
                    <!-- ============= -->
                    <control type="grouplist" id="9933">
                        <description>control area</description>
                        <left>dialog_side_grouplist</left>
                        <top>39</top>
                        <right>0</right>
                        <height>702</height>
                        <itemgap>0</itemgap>
                        <onleft>9000</onleft>
                        <onup>9933</onup>
                        <ondown>9933</ondown>
                        <pagecontrol>61</pagecontrol>
                        <usecontrolcoords>true</usecontrolcoords>
                        <visible>Container(9000).HasFocus(7)</visible>

                        <control type="label" id="19783" description="LABEL">
                            <include>Dialog_Standard_HintLabel</include>
                            <label>$LOCALIZE[31146]</label>
                        </control>

                        <control type="button" id="19707" description="Focus border size">
                            <include>Defs_Settings_Button</include>
                            <label>$LOCALIZE[30066]</label>
                            <label2>$INFO[Skin.String(FocusBorderSize)]</label2>
                            <onclick>SetProperty(CustomDialogWindow.header,$LOCALIZE[30066],home)</onclick>
                            <onclick>SetProperty(CustomDialogWindow.items,FocusBorder,home)</onclick>
                            <onclick>ActivateWindow(1150)</onclick>
                        </control>

                        <control type="label" id="19781" description="LABEL">
                            <include>Dialog_Standard_HintLabel</include>
                            <label>$LOCALIZE[31147]</label>
                        </control>

                        <control type="radiobutton" id="19701" description="Header">
                            <include>Defs_Settings_Button</include>
                            <label>$LOCALIZE[31026]</label>
                            <selected>!Skin.HasSetting(DisableHeader)</selected>
                            <onclick>Skin.ToggleSetting(DisableHeader)</onclick>
                        </control>

                        <control type="radiobutton" id="19702" description="Center">
                            <include>Defs_Settings_Button</include>
                            <label>$LOCALIZE[31148]</label>
                            <selected>!Skin.HasSetting(DisableCenter)</selected>
                            <onclick>Skin.ToggleSetting(DisableCenter)</onclick>
                        </control>

                        <control type="radiobutton" id="19709" description="Clearlogo">
                            <include>Defs_Settings_Button</include>
                            <label>$LOCALIZE[31170]</label>
                            <selected>Skin.HasSetting(EnableClearlogo)</selected>
                            <onclick>Skin.ToggleSetting(EnableClearlogo)</onclick>
                        </control>

                        <control type="radiobutton" id="19703" description="Clock">
                            <include>Defs_Settings_Button</include>
                            <label>$LOCALIZE[31149]</label>
                            <selected>!Skin.HasSetting(DisableClock)</selected>
                            <onclick>Skin.ToggleSetting(DisableClock)</onclick>
                        </control>

                        <control type="radiobutton" id="19945" description="Show date">
                            <include>Defs_Settings_Button</include>
                            <label>$LOCALIZE[31477]</label>
                            <selected>Skin.HasSetting(ShowDate)</selected>
                            <onclick>Skin.ToggleSetting(ShowDate)</onclick>
                        </control>

                        <control type="label" id="19782" description="LABEL">
                            <include>Dialog_Standard_HintLabel</include>
                            <label>$LOCALIZE[31155]</label>
                        </control>

                        <control type="radiobutton" id="19704" description="Codecs">
                            <include>Defs_Settings_Button</include>
                            <label>$LOCALIZE[31025]</label>
                            <selected>!Skin.HasSetting(DisableCodecs)</selected>
                            <onclick>Skin.ToggleSetting(DisableCodecs)</onclick>
                        </control>

                        <control type="radiobutton" id="19953" description="Codecs as text">
                            <include>Defs_Settings_Button</include>
                            <label> - $LOCALIZE[31498]</label>
                            <selected>Skin.HasSetting(TextCodecs)</selected>
                            <onclick>Skin.ToggleSetting(TextCodecs)</onclick>
                            <enable>!Skin.HasSetting(DisableCodecs)</enable>
                        </control>

                        <control type="radiobutton" id="19954" description="Codecs as text in OSD">
                            <include>Defs_Settings_Button</include>
                            <label> - $LOCALIZE[31499]</label>
                            <selected>Skin.HasSetting(TextCodecs_OSD)</selected>
                            <onclick>Skin.ToggleSetting(TextCodecs_OSD)</onclick>
                            <enable>!Skin.HasSetting(DisableCodecs)</enable>
                        </control>

                        <control type="radiobutton" id="19705" description="Now Playing">
                            <include>Defs_Settings_Button</include>
                            <label>$LOCALIZE[31029]</label>
                            <selected>!Skin.HasSetting(DisableNowPlaying)</selected>
                            <onclick>Skin.ToggleSetting(DisableNowPlaying)</onclick>
                        </control>

                        <control type="radiobutton" id="19706" description="Languages">
                            <include>Defs_Settings_Button</include>
                            <label>$LOCALIZE[31151]</label>
                            <selected>Skin.HasSetting(EnableLanguages)</selected>
                            <onclick>Skin.SetBool(EnableLanguages)</onclick>
                            <onclick>ActivateWindow(1141)</onclick>
                        </control>

                        <control type="radiobutton" id="19798" description="Minimal Busy Loader">
                            <include>Defs_Settings_Button</include>
                            <label>$LOCALIZE[31108]</label>
                            <selected>Skin.HasSetting(MinimalBusyLoader)</selected>
                            <onclick>Skin.ToggleSetting(MinimalBusyLoader)</onclick>
                        </control>
                    </control>

                    <!-- ============ -->
                    <!-- Dependencies -->
                    <!-- ============ -->
                    <control type="grouplist" id="9922">
                        <description>control area</description>
                        <left>dialog_side_grouplist</left>
                        <top>39</top>
                        <right>0</right>
                        <height>702</height>
                        <itemgap>0</itemgap>
                        <onleft>9000</onleft>
                        <onup>9922</onup>
                        <ondown>9922</ondown>
                        <pagecontrol>61</pagecontrol>
                        <usecontrolcoords>true</usecontrolcoords>
                        <visible>Container(9000).HasFocus(8)</visible>

                        <control type="label" id="19881" description="LABEL">
                            <include>Dialog_Standard_HintLabel</include>
                            <label>$LOCALIZE[31161]</label>
                        </control>

                        <control type="radiobutton" id="19809">
                            <label>plugin.video.themoviedb.helper</label>
                            <label2>$INFO[System.AddonVersion(plugin.video.themoviedb.helper)]        </label2>
                            <onclick>Addon.OpenSettings(plugin.video.themoviedb.helper)</onclick>
                            <onclick condition="!System.HasAddon(plugin.video.themoviedb.helper)">InstallAddon(plugin.video.themoviedb.helper)</onclick>
                            <selected>System.HasAddon(plugin.video.themoviedb.helper)</selected>
                            <include>Defs_Settings_Button</include>
                        </control>
                        <control type="radiobutton" id="19810">
                            <label>script.skinshortcuts</label>
                            <label2>$INFO[System.AddonVersion(script.skinshortcuts)]        </label2>
                            <onclick>Addon.OpenSettings(script.skinshortcuts)</onclick>
                            <onclick condition="!System.HasAddon(script.skinshortcuts)">InstallAddon(script.skinshortcuts)</onclick>
                            <selected>System.HasAddon(script.skinshortcuts)</selected>
                            <include>Defs_Settings_Button</include>
                        </control>
                        <control type="radiobutton" id="19815">
                            <label>plugin.program.autocompletion</label>
                            <label2>$INFO[System.AddonVersion(plugin.program.autocompletion)]        </label2>
                            <onclick>Addon.OpenSettings(plugin.program.autocompletion)</onclick>
                            <onclick condition="!System.HasAddon(plugin.program.autocompletion)">InstallAddon(plugin.program.autocompletion)</onclick>
                            <selected>System.HasAddon(plugin.program.autocompletion)</selected>
                            <include>Defs_Settings_Button</include>
                        </control>
                        <control type="radiobutton" id="19816">
                            <label>resource.images.studios.white</label>
                            <label2>$INFO[System.AddonVersion(resource.images.studios.white)]        </label2>
                            <onclick>Addon.OpenSettings(resource.images.studios.white)</onclick>
                            <onclick condition="!System.HasAddon(resource.images.studios.white)">InstallAddon(resource.images.studios.white)</onclick>
                            <selected>System.HasAddon(resource.images.studios.white)</selected>
                            <include>Defs_Settings_Button</include>
                        </control>
                        <control type="radiobutton" id="19817">
                            <label>resource.images.moviecountryicons.maps</label>
                            <label2>$INFO[System.AddonVersion(resource.images.moviecountryicons.maps)]        </label2>
                            <onclick>Addon.OpenSettings(resource.images.moviecountryicons.maps)</onclick>
                            <onclick condition="!System.HasAddon(resource.images.moviecountryicons.maps)">InstallAddon(resource.images.moviecountryicons.maps)</onclick>
                            <selected>System.HasAddon(resource.images.moviecountryicons.maps)</selected>
                            <include>Defs_Settings_Button</include>
                        </control>
                        <control type="radiobutton" id="19818">
                            <label>resource.images.moviegenreicons.transparent</label>
                            <label2>$INFO[System.AddonVersion(resource.images.moviegenreicons.transparent)]        </label2>
                            <onclick>Addon.OpenSettings(resource.images.moviegenreicons.transparent)</onclick>
                            <onclick condition="!System.HasAddon(resource.images.moviegenreicons.transparent)">InstallAddon(resource.images.moviegenreicons.transparent)</onclick>
                            <selected>System.HasAddon(resource.images.moviegenreicons.transparent)</selected>
                            <include>Defs_Settings_Button</include>
                        </control>
                        <control type="radiobutton" id="19819">
                            <label>resource.images.weatherfanart.multi</label>
                            <label2>$INFO[System.AddonVersion(resource.images.weatherfanart.multi)]        </label2>
                            <onclick>Addon.OpenSettings(resource.images.weatherfanart.multi)</onclick>
                            <onclick condition="!System.HasAddon(resource.images.weatherfanart.multi)">InstallAddon(resource.images.weatherfanart.multi)</onclick>
                            <selected>System.HasAddon(resource.images.weatherfanart.multi)</selected>
                            <include>Defs_Settings_Button</include>
                        </control>
                        <control type="radiobutton" id="19820">
                            <label>resource.images.weathericons.outline-hd</label>
                            <label2>$INFO[System.AddonVersion(resource.images.weathericons.outline-hd)]        </label2>
                            <onclick>Addon.OpenSettings(resource.images.weathericons.outline-hd)</onclick>
                            <onclick condition="!System.HasAddon(resource.images.weathericons.outline-hd)">InstallAddon(resource.images.weathericons.outline-hd)</onclick>
                            <selected>System.HasAddon(resource.images.weathericons.outline-hd)</selected>
                            <include>Defs_Settings_Button</include>
                        </control>
                        <control type="radiobutton" id="19821">
                            <label>resource.images.weathericons.white</label>
                            <label2>$INFO[System.AddonVersion(resource.images.weathericons.white)]        </label2>
                            <onclick>Addon.OpenSettings(resource.images.weathericons.white)</onclick>
                            <onclick condition="!System.HasAddon(resource.images.weathericons.white)">InstallAddon(resource.images.weathericons.white)</onclick>
                            <selected>System.HasAddon(resource.images.weathericons.white)</selected>
                            <include>Defs_Settings_Button</include>
                        </control>
                        <control type="radiobutton" id="19822">
                            <label>script.artwork.dump</label>
                            <label2>$INFO[System.AddonVersion(script.artwork.dump)]        </label2>
                            <onclick>Addon.OpenSettings(script.artwork.dump)</onclick>
                            <onclick condition="!System.HasAddon(script.artwork.dump)">InstallAddon(script.artwork.dump)</onclick>
                            <selected>System.HasAddon(script.artwork.dump)</selected>
                            <include>Defs_Settings_Button</include>
                        </control>
                    </control>

                    <!-- =============================== -->
                    <!-- Arctic: Zephyr 2 - Resurrection -->
                    <!-- =============================== -->
                    <control type="grouplist" id="9911">
                        <description>control area</description>
                        <left>dialog_side_grouplist</left>
                        <top>39</top>
                        <right>0</right>
                        <height>702</height>
                        <itemgap>0</itemgap>
                        <onleft>9000</onleft>
                        <onup>9911</onup>
                        <ondown>9911</ondown>
                        <pagecontrol>61</pagecontrol>
                        <usecontrolcoords>true</usecontrolcoords>
                        <visible>Container(9000).HasFocus(9)</visible>

                        <control type="image" id="19182">
                            <description>Skin Sign</description>
                            <centerleft>50%</centerleft>
                            <width>600</width>
                            <height>305</height>
                            <texture>../resurrection.png</texture>
                            <bordersize>5</bordersize>
                            <aspectratio>keep</aspectratio>
                        </control>

                        <control type="textbox" id="19183">
                            <description>Skin description</description>
                            <top>-60</top>
                            <height>305</height>
                            <width>850</width>
                            <centerleft>50%</centerleft>
                            <label>$LOCALIZE[30038]</label>
                            <align>center</align>
                        </control>

                        <control type="radiobutton" id="19150" description="Debugging">
                            <include>Defs_Settings_Button</include>
                            <label>$LOCALIZE[30044]</label>
                            <onclick>Skin.ToggleSetting(DebugInfo)</onclick>
                            <selected>Skin.HasSetting(DebugInfo)</selected>
                        </control>
                        <control type="radiobutton" id="19151" description="Debugging">
                            <include>Defs_Settings_Button</include>
                            <label>$LOCALIZE[31460]</label>
                            <onclick>Skin.ToggleSetting(DebugArts)</onclick>
                            <selected>Skin.HasSetting(DebugArts)</selected>
                            <enable>Skin.HasSetting(DebugInfo)</enable>
                        </control>

                        <control type="label" id="19981" description="LABEL">
                            <include>Dialog_Standard_HintLabel</include>
                            <label>$LOCALIZE[30040]</label>
                        </control>
                        <control type="button" id="19904" description="Reset">
                            <include>Defs_Settings_Button</include>
                            <label>$LOCALIZE[31028]</label>
                            <onclick>Skin.ResetSettings</onclick>
                            <onclick>ClearProperty(SkinInitStarted,Home)</onclick>
                            <onclick>RunScript(script.skinshortcuts,type=resetall)</onclick>
                        </control>
                    </control>
                </control>

                <include content="Dialog_Separator">
                    <param name="top" value="39" />
                    <param name="bottom" value="39" />
                </include>
                <include content="Dialog_Separator">
                    <param name="top" value="39" />
                    <param name="bottom" value="39" />
                    <param name="left" value="0" />
                </include>
            </control>



        </control>

    </controls>
</window>
