<?xml version="1.0" encoding="UTF-8"?>
<includes>

    <variable name="Image_Home_CornerIcon">
        <value condition="String.IsEqual(Skin.String(CornerIcon),Settings)">special://skin/extras/icons/settings.png</value>
        <value condition="String.IsEqual(Skin.String(CornerIcon),Power)">special://skin/extras/icons/power.png</value>
        <value condition="String.IsEqual(Skin.String(CornerIcon),Home)">special://skin/extras/icons/home.png</value>
        <value condition="String.IsEqual(Skin.String(CornerIcon),Kodi)">special://skin/extras/icons/kodi.png</value>
        <value>special://skin/extras/icons/search.png</value>
    </variable>

    <variable name="Image_UpNext">
        <value condition="!String.IsEmpty(Window.Property(landscape))">$INFO[Window.Property(landscape)]</value>
        <value condition="!String.IsEmpty(Window.Property(fanart))">$INFO[Window.Property(fanart)]</value>
        <value condition="!String.IsEmpty(Window.Property(thumb))">$INFO[Window.Property(thumb)]</value>
    </variable>

    <variable name="Image_Info_PlayButton">
        <value condition="ListItem.IsFolder">special://skin/extras/icons/folder.png</value>
        <value>special://skin/extras/icons/play3.png</value>
    </variable>

    <variable name="Image_Home_Clearlogo">
        <value condition="!String.IsEmpty(Container(5600).ListItem.Art(tvshow.clearlogo))">$INFO[Container(5600).ListItem.Art(tvshow.clearlogo)]</value>
        <value condition="!String.IsEmpty(Container(5600).ListItem.Art(clearlogo))">$INFO[Container(5600).ListItem.Art(clearlogo)]</value>
    </variable>

    <variable name="Image_AddonInfo_Enable">
        <value condition="String.IsEqual(Control.GetLabel(7),$LOCALIZE[24021])">special://skin/extras/icons/enabled.png</value>
        <value>special://skin/extras/icons/disabled.png</value>
    </variable>

    <variable name="Image_AddonInfo_Install">
        <value condition="String.IsEqual(Control.GetLabel(6),$LOCALIZE[24037])">special://skin/extras/icons/uninstall.png</value>
        <value>special://skin/extras/icons/download.png</value>
    </variable>

    <variable name="Image_NowPlaying">
        <value condition="Player.Caching"></value>
        <value condition="Player.Paused">buttons/pause.png</value>
        <value condition="!Player.Paused">buttons/play.png</value>
    </variable>

    <variable name="Image_RipSource">
        <value condition="[String.Contains(ListItem.FileNameAndPath,2160p) | String.Contains(ListItem.FileNameAndPath,UHD) | String.Contains(ListItem.FileNameAndPath,UltraHD) | String.Contains(ListItem.FileNameAndPath,Ultra-HD) | String.Contains(ListItem.FileNameAndPath,4K)] + String.Contains(ListItem.FileNameAndPath,web-dl) | String.Contains(ListItem.FileNameAndPath,webdl) | String.Contains(ListItem.FileNameAndPath,WEBRip)">flags/$INFO[Skin.String(Icons)]/other/4K.png</value>
        <value condition="String.Contains(ListItem.FileNameAndPath,blu-ray) | String.Contains(ListItem.FileNameAndPath,bluray) | String.Contains(ListItem.FileNameAndPath,bdrip) | String.Contains(ListItem.FileNameAndPath,bd25) | String.Contains(ListItem.FileNameAndPath,bd50)">flags/$INFO[Skin.String(Icons)]/other/bluray.png</value>
        <value condition="String.Contains(ListItem.FileNameAndPath,hddvd) | String.Contains(ListItem.FileNameAndPath,hd-dvd)">flags/$INFO[Skin.String(Icons)]/other/hddvd.png</value>
        <value condition="String.Contains(ListItem.FileNameAndPath,dvd)">flags/$INFO[Skin.String(Icons)]/other/dvd.png</value>
        <value condition="String.Contains(ListItem.FileNameAndPath,hdtv) | String.Contains(ListItem.FileNameAndPath,pdtv) | String.Contains(ListItem.FileNameAndPath,dsr)">flags/$INFO[Skin.String(Icons)]/other/hdtv.png</value>
        <value condition="String.Contains(ListItem.FileNameAndPath,sdtv)">flags/$INFO[Skin.String(Icons)]/other/sdtv.png</value>
        <value condition="![String.Contains(ListItem.FileNameAndPath,2160p) | String.Contains(ListItem.FileNameAndPath,UHD) | String.Contains(ListItem.FileNameAndPath,UltraHD) | String.Contains(ListItem.FileNameAndPath,Ultra-HD) | String.Contains(ListItem.FileNameAndPath,4K)] + [String.Contains(ListItem.FileNameAndPath,web-dl) | String.Contains(ListItem.FileNameAndPath,webdl) | String.Contains(ListItem.FileNameAndPath,WEBRip)]">flags/$INFO[Skin.String(Icons)]/other/web-dl.png</value>
        <value>$INFO[Skin.String(FallbackSourceFlag)]</value>
    </variable>

    <variable name="Image_AudioCodec">
        <value condition="String.Contains(ListItem.FileNameAndPath,atmos)">flags/$INFO[Skin.String(Icons)]/audio/atmos.png</value>
        <value condition="String.Contains(ListItem.FileNameAndPath,dtsx) | String.Contains(ListItem.FileNameAndPath,dts-x) | String.Contains(ListItem.FileNameAndPath,dts:x)">flags/$INFO[Skin.String(Icons)]/audio/dtsx.png</value>
        <value>flags/$INFO[Skin.String(Icons)]/audio/$INFO[ListItem.AudioCodec].png</value>
    </variable>

    <variable name="Image_VideoPlayer_RipSource">
        <value condition="[String.Contains(Player.FileNameAndPath,2160p) | String.Contains(Player.FileNameAndPath,UHD) | String.Contains(Player.FileNameAndPath,UltraHD) | String.Contains(Player.FileNameAndPath,Ultra-HD) | String.Contains(Player.FileNameAndPath,4K)] + String.Contains(Player.FileNameAndPath,web-dl) | String.Contains(Player.FileNameAndPath,webdl) | String.Contains(Player.FileNameAndPath,WEBRip)">flags/$INFO[Skin.String(Icons)]/other/4K.png</value>
        <value condition="String.Contains(Player.FileNameAndPath,blu-ray) | String.Contains(Player.FileNameAndPath,bluray) | String.Contains(Player.FileNameAndPath,bdrip) | String.Contains(Player.FileNameAndPath,bd25) | String.Contains(Player.FileNameAndPath,bd50)">flags/$INFO[Skin.String(Icons)]/other/bluray.png</value>
        <value condition="String.Contains(Player.FileNameAndPath,hddvd) | String.Contains(Player.FileNameAndPath,hd-dvd)">flags/$INFO[Skin.String(Icons)]/other/hddvd.png</value>
        <value condition="String.Contains(Player.FileNameAndPath,dvd)">flags/$INFO[Skin.String(Icons)]/other/dvd.png</value>
        <value condition="String.Contains(Player.FileNameAndPath,hdtv) | String.Contains(Player.FileNameAndPath,pdtv) | String.Contains(Player.FileNameAndPath,dsr)">flags/$INFO[Skin.String(Icons)]/other/hdtv.png</value>
        <value condition="String.Contains(Player.FileNameAndPath,sdtv)">flags/$INFO[Skin.String(Icons)]/other/sdtv.png</value>
        <value condition="![String.Contains(Player.FileNameAndPath,2160p) | String.Contains(Player.FileNameAndPath,UHD) | String.Contains(Player.FileNameAndPath,UltraHD) | String.Contains(Player.FileNameAndPath,Ultra-HD) | String.Contains(Player.FileNameAndPath,4K)] + [String.Contains(Player.FileNameAndPath,web-dl) | String.Contains(Player.FileNameAndPath,webdl) | String.Contains(Player.FileNameAndPath,WEBRip)]">flags/$INFO[Skin.String(Icons)]/other/web-dl.png</value>
        <value>$INFO[Skin.String(FallbackSourceFlag)]</value>
    </variable>

    <variable name="Image_VideoPlayer_AudioCodec">
        <value condition="String.Contains(Player.FileNameAndPath,atmos)">flags/$INFO[Skin.String(Icons)]/audio/atmos.png</value>
        <value condition="String.Contains(Player.FileNameAndPath,dtsx) | String.Contains(Player.FileNameAndPath,dts-x) | String.Contains(Player.FileNameAndPath,dts:x)">flags/$INFO[Skin.String(Icons)]/audio/dtsx.png</value>
        <value>flags/$INFO[Skin.String(Icons)]/audio/$INFO[VideoPlayer.AudioCodec].png</value>
    </variable>

    <variable name="Image_VideoPlayer_HDRCodec">
        <value condition="String.IsEqual(ListItem.HdrType,dolbyvision)">flags/$INFO[Skin.String(Icons)]/other/dolbyvision.png</value>
        <value condition="String.IsEqual(ListItem.HdrType,hdr10)">flags/$INFO[Skin.String(Icons)]/other/hdr10.png</value>
        <value condition="String.IsEqual(ListItem.HdrType,hlg)">flags/$INFO[Skin.String(Icons)]/other/hlg.png</value>
        <value>flags/$INFO[Skin.String(Icons)]/other/HDR.png</value>
    </variable>

    <variable name="Image_OSD_Artwork">
        <value condition="!String.IsEmpty(Player.Art(tvshow.poster))">$INFO[Player.Art(tvshow.poster)]</value>
        <value condition="!String.IsEmpty(Player.Art(poster))">$INFO[Player.Art(poster)]</value>
        <value>$INFO[VideoPlayer.Cover]</value>
    </variable>

    <variable name="Image_ArtistFanartVis">
        <value condition="String.IsEmpty(Window(Visualisation).Property(ArtistSlideshow.Image)) + !Skin.HasSetting(ArtistSlideShow.Disabled)">$INFO[Player.Art(fanart)]</value>
        <value>common/null.png</value>
    </variable>

    <variable name="Image_AutoUpdate">
        <value condition="String.Contains(Control.GetLabel(13),*)">special://skin/extras/icons/antenna-on.png</value>
        <value>special://skin/extras/icons/antenna.png</value>
    </variable>

    <variable name="Image_AddonImage">
        <value condition="!String.IsEmpty(Container.PluginName) + !String.EndsWith(ListItem.Icon,icon.png)">special://home/addons/$INFO[Container.PluginName]/icon.png</value>
        <value condition="String.EndsWith(ListItem.Icon,icon.png)">$INFO[ListItem.Icon]</value>
    </variable>

    <variable name="Image_Player_Clearart">
        <value condition="!String.IsEmpty(Player.Art(tvshow.clearart))">$INFO[Player.Art(tvshow.clearart)]</value>
        <value condition="!String.IsEmpty(Player.Art(clearart))">$INFO[Player.Art(clearart)]</value>
        <value condition="!String.IsEmpty(Player.Art(tvshow.clearlogo))">$INFO[Player.Art(tvshow.clearlogo)]</value>
        <value condition="!String.IsEmpty(Player.Art(clearlogo))">$INFO[Player.Art(clearlogo)]</value>
    </variable>

    <variable name="Image_ClearLogo">
        <value condition="!String.IsEmpty(ListItem.Art(clearlogo))">$INFO[ListItem.Art(clearlogo)]</value>
        <value condition="!String.IsEmpty(ListItem.Art(tvshow.clearlogo)) + !String.IsEqual(Container.ShowTitle,ListItem.TvShowTitle)">$INFO[ListItem.Art(tvshow.clearlogo)]</value>
    </variable>

    <variable name="Image_TopBar_ClearLogo">
        <value condition="!String.IsEmpty(ListItem.Art(clearlogo))">$INFO[ListItem.Art(clearlogo)]</value>
        <value condition="!String.IsEmpty(ListItem.Art(tvshow.clearlogo))">$INFO[ListItem.Art(tvshow.clearlogo)]</value>
    </variable>

    <variable name="Image_Watched">
        <value condition="System.Setting(hidewatched)">special://skin/extras/icons/watched-hide.png</value>
        <value>special://skin/extras/icons/watched-show.png</value>
    </variable>
    <variable name="Image_Filtered">
        <value condition="Container.Filtered">special://skin/extras/icons/filter-on.png</value>
        <value>special://skin/extras/icons/filter-off.png</value>
    </variable>

    <variable name="Image_GenreIcons">
        <value>$VAR[Image_GenreIcons_Path]$INFO[ListItem.Label,,.png]</value>
    </variable>

    <variable name="Image_GenreIcons_Path">
        <value condition="System.HasAddon(resource.images.moviegenreicons.horizon)">resource://resource.images.moviegenreicons.horizon/</value>
        <value condition="System.HasAddon(resource.images.moviegenreicons.transparent)">resource://resource.images.moviegenreicons.transparent/</value>
    </variable>

    <variable name="Image_Overlay_List">
        <value condition="ListItem.IsPlaying">indicator/play.png</value>
        <value condition="ListItem.IsResumable + Integer.IsGreater(ListItem.PercentPlayed,66)">indicator/inprogress-75.png</value>
        <value condition="ListItem.IsResumable + Integer.IsGreater(ListItem.PercentPlayed,33)">indicator/inprogress-50.png</value>
        <value condition="ListItem.IsResumable">indicator/inprogress-25.png</value>
        <value condition="String.IsEqual(ListItem.Overlay,OverlayWatched.png) | Integer.IsGreater(ListItem.PlayCount,0)">indicator/checkmark-fo.png</value>
        <value condition="[String.StartsWith(ListItem.Overlay,OverlayUnwatched.png) + [[String.IsEqual(ListItem.DBType,movie) + [String.IsEqual(Window(Home).Property(LatestMovie.1.Title),ListItem.Label) | String.IsEqual(Window(Home).Property(LatestMovie.2.Title),ListItem.Label) | String.IsEqual(Window(Home).Property(LatestMovie.3.Title),ListItem.Label) | String.IsEqual(Window(Home).Property(LatestMovie.4.Title),ListItem.Label) | String.IsEqual(Window(Home).Property(LatestMovie.5.Title),ListItem.Label) | String.IsEqual(Window(Home).Property(LatestMovie.6.Title),ListItem.Label) | String.IsEqual(Window(Home).Property(LatestMovie.7.Title),ListItem.Label) | String.IsEqual(Window(Home).Property(LatestMovie.8.Title),ListItem.Label) | String.IsEqual(Window(Home).Property(LatestMovie.9.Title),ListItem.Label) | String.IsEqual(Window(Home).Property(LatestMovie.10.Title),ListItem.Label)]] | [[String.IsEqual(ListItem.DBType,tvshow)] + [String.IsEqual(Window(Home).Property(LatestEpisode.1.ShowTitle),ListItem.TvShowTitle) | String.IsEqual(Window(Home).Property(LatestEpisode.2.ShowTitle),ListItem.TvShowTitle) | String.IsEqual(Window(Home).Property(LatestEpisode.3.ShowTitle),ListItem.TvShowTitle) | String.IsEqual(Window(Home).Property(LatestEpisode.4.ShowTitle),ListItem.TvShowTitle) | String.IsEqual(Window(Home).Property(LatestEpisode.5.ShowTitle),ListItem.TvShowTitle) | String.IsEqual(Window(Home).Property(LatestEpisode.6.ShowTitle),ListItem.TvShowTitle) | String.IsEqual(Window(Home).Property(LatestEpisode.7.ShowTitle),ListItem.TvShowTitle) | String.IsEqual(Window(Home).Property(LatestEpisode.8.ShowTitle),ListItem.TvShowTitle) | String.IsEqual(Window(Home).Property(LatestEpisode.9.ShowTitle),ListItem.TvShowTitle) | String.IsEqual(Window(Home).Property(LatestEpisode.10.ShowTitle),ListItem.TvShowTitle)]] | [String.IsEqual(ListItem.DBType,episode) + [String.IsEqual(Window(Home).Property(LatestEpisode.1.EpisodeTitle),ListItem.Title) | String.IsEqual(Window(Home).Property(LatestEpisode.2.EpisodeTitle),ListItem.Title) | String.IsEqual(Window(Home).Property(LatestEpisode.3.EpisodeTitle),ListItem.Title) | String.IsEqual(Window(Home).Property(LatestEpisode.4.EpisodeTitle),ListItem.Title) | String.IsEqual(Window(Home).Property(LatestEpisode.5.EpisodeTitle),ListItem.Title) | String.IsEqual(Window(Home).Property(LatestEpisode.6.EpisodeTitle),ListItem.Title) | String.IsEqual(Window(Home).Property(LatestEpisode.7.EpisodeTitle),ListItem.Title) | String.IsEqual(Window(Home).Property(LatestEpisode.8.EpisodeTitle),ListItem.Title) | String.IsEqual(Window(Home).Property(LatestEpisode.9.EpisodeTitle),ListItem.Title) | String.IsEqual(Window(Home).Property(LatestEpisode.10.EpisodeTitle),ListItem.Title)]]]]">indicator/new-fo.png</value>
        <value condition="[Window.IsVisible(DialogVideoInfo.xml) | Window.IsVisible(1190) | Window.IsVisible(1140)] + !String.IsEmpty(ListItem.DBID)">indicator/library.png</value>
        <value condition="ListItem.IsCollection">indicator/movieset.png</value>
        <value condition="ListItem.IsFolder">indicator/folder.png</value>
        <value>indicator/library.png</value>
    </variable>

    <variable name="Image_Overlay">
        <value condition="ListItem.IsPlaying">indicator/play.png</value>
        <value condition="ListItem.IsResumable + Integer.IsGreater(ListItem.PercentPlayed,66)">indicator/inprogress-75.png</value>
        <value condition="ListItem.IsResumable + Integer.IsGreater(ListItem.PercentPlayed,33)">indicator/inprogress-50.png</value>
        <value condition="ListItem.IsResumable">indicator/inprogress-25.png</value>
        <value condition="[String.IsEqual(ListItem.DBType,tvshow) | String.IsEqual(ListItem.DBType,season) | String.IsEqual(ListItem.DBType,episode)] + !Integer.IsEqual(ListItem.Property(UnWatchedEpisodes),0) + !ListItem.IsResumable">common/null.png</value>
        <value condition="String.IsEqual(ListItem.Overlay,OverlayWatched.png) | Integer.IsGreater(ListItem.PlayCount,0)">indicator/checkmark.png</value>
        <value condition="[String.StartsWith(ListItem.Overlay,OverlayUnwatched.png) + [[String.IsEqual(ListItem.DBType,movie) + [String.IsEqual(Window(Home).Property(LatestMovie.1.Title),ListItem.Label) | String.IsEqual(Window(Home).Property(LatestMovie.2.Title),ListItem.Label) | String.IsEqual(Window(Home).Property(LatestMovie.3.Title),ListItem.Label) | String.IsEqual(Window(Home).Property(LatestMovie.4.Title),ListItem.Label) | String.IsEqual(Window(Home).Property(LatestMovie.5.Title),ListItem.Label) | String.IsEqual(Window(Home).Property(LatestMovie.6.Title),ListItem.Label) | String.IsEqual(Window(Home).Property(LatestMovie.7.Title),ListItem.Label) | String.IsEqual(Window(Home).Property(LatestMovie.8.Title),ListItem.Label) | String.IsEqual(Window(Home).Property(LatestMovie.9.Title),ListItem.Label) | String.IsEqual(Window(Home).Property(LatestMovie.10.Title),ListItem.Label)]] | [[String.IsEqual(ListItem.DBType,tvshow)] + [String.IsEqual(Window(Home).Property(LatestEpisode.1.ShowTitle),ListItem.TvShowTitle) | String.IsEqual(Window(Home).Property(LatestEpisode.2.ShowTitle),ListItem.TvShowTitle) | String.IsEqual(Window(Home).Property(LatestEpisode.3.ShowTitle),ListItem.TvShowTitle) | String.IsEqual(Window(Home).Property(LatestEpisode.4.ShowTitle),ListItem.TvShowTitle) | String.IsEqual(Window(Home).Property(LatestEpisode.5.ShowTitle),ListItem.TvShowTitle) | String.IsEqual(Window(Home).Property(LatestEpisode.6.ShowTitle),ListItem.TvShowTitle) | String.IsEqual(Window(Home).Property(LatestEpisode.7.ShowTitle),ListItem.TvShowTitle) | String.IsEqual(Window(Home).Property(LatestEpisode.8.ShowTitle),ListItem.TvShowTitle) | String.IsEqual(Window(Home).Property(LatestEpisode.9.ShowTitle),ListItem.TvShowTitle) | String.IsEqual(Window(Home).Property(LatestEpisode.10.ShowTitle),ListItem.TvShowTitle)]] | [String.IsEqual(ListItem.DBType,episode) + [String.IsEqual(Window(Home).Property(LatestEpisode.1.EpisodeTitle),ListItem.Title) | String.IsEqual(Window(Home).Property(LatestEpisode.2.EpisodeTitle),ListItem.Title) | String.IsEqual(Window(Home).Property(LatestEpisode.3.EpisodeTitle),ListItem.Title) | String.IsEqual(Window(Home).Property(LatestEpisode.4.EpisodeTitle),ListItem.Title) | String.IsEqual(Window(Home).Property(LatestEpisode.5.EpisodeTitle),ListItem.Title) | String.IsEqual(Window(Home).Property(LatestEpisode.6.EpisodeTitle),ListItem.Title) | String.IsEqual(Window(Home).Property(LatestEpisode.7.EpisodeTitle),ListItem.Title) | String.IsEqual(Window(Home).Property(LatestEpisode.8.EpisodeTitle),ListItem.Title) | String.IsEqual(Window(Home).Property(LatestEpisode.9.EpisodeTitle),ListItem.Title) | String.IsEqual(Window(Home).Property(LatestEpisode.10.EpisodeTitle),ListItem.Title)]]]]">indicator/new.png</value>
        <value condition="[Window.IsVisible(DialogVideoInfo.xml) | Window.IsVisible(1190) | Window.IsVisible(1140)]+ !String.IsEmpty(ListItem.DBID)">indicator/library.png</value>
        <value condition="ListItem.IsCollection">indicator/movieset.png</value>
    </variable>
    <variable name="Image_Overlay_Focus">
        <value condition="ListItem.IsPlaying">indicator/play.png</value>
        <value condition="ListItem.IsResumable + Integer.IsGreater(ListItem.PercentPlayed,66)">indicator/inprogress-75.png</value>
        <value condition="ListItem.IsResumable + Integer.IsGreater(ListItem.PercentPlayed,33)">indicator/inprogress-50.png</value>
        <value condition="ListItem.IsResumable">indicator/inprogress-25.png</value>
        <value condition="[String.IsEqual(ListItem.DBType,tvshow) | String.IsEqual(ListItem.DBType,season) | String.IsEqual(ListItem.DBType,episode)] + !Integer.IsEqual(ListItem.Property(UnWatchedEpisodes),0) + !ListItem.IsResumable">common/null.png</value>
        <value condition="String.IsEqual(ListItem.Overlay,OverlayWatched.png) | Integer.IsGreater(ListItem.PlayCount,0)">indicator/checkmark.png</value>
        <value condition="[String.StartsWith(ListItem.Overlay,OverlayUnwatched.png) + [[String.IsEqual(ListItem.DBType,movie) + [String.IsEqual(Window(Home).Property(LatestMovie.1.Title),ListItem.Label) | String.IsEqual(Window(Home).Property(LatestMovie.2.Title),ListItem.Label) | String.IsEqual(Window(Home).Property(LatestMovie.3.Title),ListItem.Label) | String.IsEqual(Window(Home).Property(LatestMovie.4.Title),ListItem.Label) | String.IsEqual(Window(Home).Property(LatestMovie.5.Title),ListItem.Label) | String.IsEqual(Window(Home).Property(LatestMovie.6.Title),ListItem.Label) | String.IsEqual(Window(Home).Property(LatestMovie.7.Title),ListItem.Label) | String.IsEqual(Window(Home).Property(LatestMovie.8.Title),ListItem.Label) | String.IsEqual(Window(Home).Property(LatestMovie.9.Title),ListItem.Label) | String.IsEqual(Window(Home).Property(LatestMovie.10.Title),ListItem.Label)]] | [[String.IsEqual(ListItem.DBType,tvshow)] + [String.IsEqual(Window(Home).Property(LatestEpisode.1.ShowTitle),ListItem.TvShowTitle) | String.IsEqual(Window(Home).Property(LatestEpisode.2.ShowTitle),ListItem.TvShowTitle) | String.IsEqual(Window(Home).Property(LatestEpisode.3.ShowTitle),ListItem.TvShowTitle) | String.IsEqual(Window(Home).Property(LatestEpisode.4.ShowTitle),ListItem.TvShowTitle) | String.IsEqual(Window(Home).Property(LatestEpisode.5.ShowTitle),ListItem.TvShowTitle) | String.IsEqual(Window(Home).Property(LatestEpisode.6.ShowTitle),ListItem.TvShowTitle) | String.IsEqual(Window(Home).Property(LatestEpisode.7.ShowTitle),ListItem.TvShowTitle) | String.IsEqual(Window(Home).Property(LatestEpisode.8.ShowTitle),ListItem.TvShowTitle) | String.IsEqual(Window(Home).Property(LatestEpisode.9.ShowTitle),ListItem.TvShowTitle) | String.IsEqual(Window(Home).Property(LatestEpisode.10.ShowTitle),ListItem.TvShowTitle)]] | [String.IsEqual(ListItem.DBType,episode) + [String.IsEqual(Window(Home).Property(LatestEpisode.1.EpisodeTitle),ListItem.Title) | String.IsEqual(Window(Home).Property(LatestEpisode.2.EpisodeTitle),ListItem.Title) | String.IsEqual(Window(Home).Property(LatestEpisode.3.EpisodeTitle),ListItem.Title) | String.IsEqual(Window(Home).Property(LatestEpisode.4.EpisodeTitle),ListItem.Title) | String.IsEqual(Window(Home).Property(LatestEpisode.5.EpisodeTitle),ListItem.Title) | String.IsEqual(Window(Home).Property(LatestEpisode.6.EpisodeTitle),ListItem.Title) | String.IsEqual(Window(Home).Property(LatestEpisode.7.EpisodeTitle),ListItem.Title) | String.IsEqual(Window(Home).Property(LatestEpisode.8.EpisodeTitle),ListItem.Title) | String.IsEqual(Window(Home).Property(LatestEpisode.9.EpisodeTitle),ListItem.Title) | String.IsEqual(Window(Home).Property(LatestEpisode.10.EpisodeTitle),ListItem.Title)]]]]">indicator/new-fo.png</value>
        <value condition="[Window.IsVisible(DialogVideoInfo.xml) | Window.IsVisible(1190) | Window.IsVisible(1140)]+ !String.IsEmpty(ListItem.DBID)">indicator/library.png</value>
        <value condition="ListItem.IsCollection">indicator/movieset.png</value>
    </variable>
    <!-- <variable name="Image_Overlay_Corner">
        <value condition="[Window.IsVisible(DialogVideoInfo.xml) | Window.IsVisible(1190) | Window.IsVisible(1140)]+ !String.IsEmpty(ListItem.DBID)">indicator/corner.png</value>
        <value condition="ListItem.IsPlaying">indicator/corner.png</value>
        <value condition="ListItem.IsResumable">indicator/corner.png</value>
        <value condition="String.IsEqual(ListItem.Overlay,OverlayWatched.png) | Integer.IsGreater(ListItem.PlayCount,0)">indicator/corner.png</value>
        <value condition="[String.StartsWith(ListItem.Overlay,OverlayUnwatched.png) + [[String.IsEqual(ListItem.DBType,movie) + [String.IsEqual(Window(Home).Property(LatestMovie.1.Title),ListItem.Label) | String.IsEqual(Window(Home).Property(LatestMovie.2.Title),ListItem.Label) | String.IsEqual(Window(Home).Property(LatestMovie.3.Title),ListItem.Label) | String.IsEqual(Window(Home).Property(LatestMovie.4.Title),ListItem.Label) | String.IsEqual(Window(Home).Property(LatestMovie.5.Title),ListItem.Label) | String.IsEqual(Window(Home).Property(LatestMovie.6.Title),ListItem.Label) | String.IsEqual(Window(Home).Property(LatestMovie.7.Title),ListItem.Label) | String.IsEqual(Window(Home).Property(LatestMovie.8.Title),ListItem.Label) | String.IsEqual(Window(Home).Property(LatestMovie.9.Title),ListItem.Label) | String.IsEqual(Window(Home).Property(LatestMovie.10.Title),ListItem.Label)]] | [[String.IsEqual(ListItem.DBType,tvshow)] + [String.IsEqual(Window(Home).Property(LatestEpisode.1.ShowTitle),ListItem.TvShowTitle) | String.IsEqual(Window(Home).Property(LatestEpisode.2.ShowTitle),ListItem.TvShowTitle) | String.IsEqual(Window(Home).Property(LatestEpisode.3.ShowTitle),ListItem.TvShowTitle) | String.IsEqual(Window(Home).Property(LatestEpisode.4.ShowTitle),ListItem.TvShowTitle) | String.IsEqual(Window(Home).Property(LatestEpisode.5.ShowTitle),ListItem.TvShowTitle) | String.IsEqual(Window(Home).Property(LatestEpisode.6.ShowTitle),ListItem.TvShowTitle) | String.IsEqual(Window(Home).Property(LatestEpisode.7.ShowTitle),ListItem.TvShowTitle) | String.IsEqual(Window(Home).Property(LatestEpisode.8.ShowTitle),ListItem.TvShowTitle) | String.IsEqual(Window(Home).Property(LatestEpisode.9.ShowTitle),ListItem.TvShowTitle) | String.IsEqual(Window(Home).Property(LatestEpisode.10.ShowTitle),ListItem.TvShowTitle)]] | [String.IsEqual(ListItem.DBType,episode) + [String.IsEqual(Window(Home).Property(LatestEpisode.1.EpisodeTitle),ListItem.Title) | String.IsEqual(Window(Home).Property(LatestEpisode.2.EpisodeTitle),ListItem.Title) | String.IsEqual(Window(Home).Property(LatestEpisode.3.EpisodeTitle),ListItem.Title) | String.IsEqual(Window(Home).Property(LatestEpisode.4.EpisodeTitle),ListItem.Title) | String.IsEqual(Window(Home).Property(LatestEpisode.5.EpisodeTitle),ListItem.Title) | String.IsEqual(Window(Home).Property(LatestEpisode.6.EpisodeTitle),ListItem.Title) | String.IsEqual(Window(Home).Property(LatestEpisode.7.EpisodeTitle),ListItem.Title) | String.IsEqual(Window(Home).Property(LatestEpisode.8.EpisodeTitle),ListItem.Title) | String.IsEqual(Window(Home).Property(LatestEpisode.9.EpisodeTitle),ListItem.Title) | String.IsEqual(Window(Home).Property(LatestEpisode.10.EpisodeTitle),ListItem.Title)]]]]">indicator/corner.png</value>
        <value condition="ListItem.IsCollection">indicator/corner.png</value>
        <value condition="Integer.IsGreater(ListItem.Property(UnWatchedEpisodes),0) + [String.IsEqual(ListItem.DBType,tvshow) | String.IsEqual(ListItem.DBType,season)]">indicator/corner.png</value>
    </variable> -->

    <variable name="Image_Overlay_CircleBG">
        <value condition="[Window.IsVisible(DialogVideoInfo.xml) | Window.IsVisible(1190) | Window.IsVisible(1140)]+ !String.IsEmpty(ListItem.DBID)">indicator/circle-bg.png</value>
        <value condition="ListItem.IsPlaying">indicator/circle-bg.png</value>
        <value condition="ListItem.IsResumable">indicator/circle-bg.png</value>
        <value condition="String.IsEqual(ListItem.Overlay,OverlayWatched.png) | Integer.IsGreater(ListItem.PlayCount,0)">indicator/circle-bg.png</value>
        <value condition="[String.StartsWith(ListItem.Overlay,OverlayUnwatched.png) + [[String.IsEqual(ListItem.DBType,movie) + [String.IsEqual(Window(Home).Property(LatestMovie.1.Title),ListItem.Label) | String.IsEqual(Window(Home).Property(LatestMovie.2.Title),ListItem.Label) | String.IsEqual(Window(Home).Property(LatestMovie.3.Title),ListItem.Label) | String.IsEqual(Window(Home).Property(LatestMovie.4.Title),ListItem.Label) | String.IsEqual(Window(Home).Property(LatestMovie.5.Title),ListItem.Label) | String.IsEqual(Window(Home).Property(LatestMovie.6.Title),ListItem.Label) | String.IsEqual(Window(Home).Property(LatestMovie.7.Title),ListItem.Label) | String.IsEqual(Window(Home).Property(LatestMovie.8.Title),ListItem.Label) | String.IsEqual(Window(Home).Property(LatestMovie.9.Title),ListItem.Label) | String.IsEqual(Window(Home).Property(LatestMovie.10.Title),ListItem.Label)]] | [[String.IsEqual(ListItem.DBType,tvshow)] + [String.IsEqual(Window(Home).Property(LatestEpisode.1.ShowTitle),ListItem.TvShowTitle) | String.IsEqual(Window(Home).Property(LatestEpisode.2.ShowTitle),ListItem.TvShowTitle) | String.IsEqual(Window(Home).Property(LatestEpisode.3.ShowTitle),ListItem.TvShowTitle) | String.IsEqual(Window(Home).Property(LatestEpisode.4.ShowTitle),ListItem.TvShowTitle) | String.IsEqual(Window(Home).Property(LatestEpisode.5.ShowTitle),ListItem.TvShowTitle) | String.IsEqual(Window(Home).Property(LatestEpisode.6.ShowTitle),ListItem.TvShowTitle) | String.IsEqual(Window(Home).Property(LatestEpisode.7.ShowTitle),ListItem.TvShowTitle) | String.IsEqual(Window(Home).Property(LatestEpisode.8.ShowTitle),ListItem.TvShowTitle) | String.IsEqual(Window(Home).Property(LatestEpisode.9.ShowTitle),ListItem.TvShowTitle) | String.IsEqual(Window(Home).Property(LatestEpisode.10.ShowTitle),ListItem.TvShowTitle)]] | [String.IsEqual(ListItem.DBType,episode) + [String.IsEqual(Window(Home).Property(LatestEpisode.1.EpisodeTitle),ListItem.Title) | String.IsEqual(Window(Home).Property(LatestEpisode.2.EpisodeTitle),ListItem.Title) | String.IsEqual(Window(Home).Property(LatestEpisode.3.EpisodeTitle),ListItem.Title) | String.IsEqual(Window(Home).Property(LatestEpisode.4.EpisodeTitle),ListItem.Title) | String.IsEqual(Window(Home).Property(LatestEpisode.5.EpisodeTitle),ListItem.Title) | String.IsEqual(Window(Home).Property(LatestEpisode.6.EpisodeTitle),ListItem.Title) | String.IsEqual(Window(Home).Property(LatestEpisode.7.EpisodeTitle),ListItem.Title) | String.IsEqual(Window(Home).Property(LatestEpisode.8.EpisodeTitle),ListItem.Title) | String.IsEqual(Window(Home).Property(LatestEpisode.9.EpisodeTitle),ListItem.Title) | String.IsEqual(Window(Home).Property(LatestEpisode.10.EpisodeTitle),ListItem.Title)]]]]">indicator/circle-bg.png</value>
        <value condition="ListItem.IsCollection">indicator/circle-bg.png</value>
        <value condition="Integer.IsGreater(ListItem.Property(UnWatchedEpisodes),0) + [String.IsEqual(ListItem.DBType,tvshow) | String.IsEqual(ListItem.DBType,season) | String.IsEqual(ListItem.DBType,episode)]">indicator/circle-bg.png</value>
    </variable>
    <variable name="Image_Overlay_CircleFO">
        <value condition="[Window.IsVisible(DialogVideoInfo.xml) | Window.IsVisible(1190) | Window.IsVisible(1140)]+ !String.IsEmpty(ListItem.DBID)">indicator/circle-fo.png</value>
        <value condition="ListItem.IsPlaying">indicator/circle-fo.png</value>
        <value condition="ListItem.IsResumable">indicator/circle-fo.png</value>
        <value condition="String.IsEqual(ListItem.Overlay,OverlayWatched.png) | Integer.IsGreater(ListItem.PlayCount,0)">indicator/circle-fo.png</value>
        <value condition="[String.StartsWith(ListItem.Overlay,OverlayUnwatched.png) + [[String.IsEqual(ListItem.DBType,movie) + [String.IsEqual(Window(Home).Property(LatestMovie.1.Title),ListItem.Label) | String.IsEqual(Window(Home).Property(LatestMovie.2.Title),ListItem.Label) | String.IsEqual(Window(Home).Property(LatestMovie.3.Title),ListItem.Label) | String.IsEqual(Window(Home).Property(LatestMovie.4.Title),ListItem.Label) | String.IsEqual(Window(Home).Property(LatestMovie.5.Title),ListItem.Label) | String.IsEqual(Window(Home).Property(LatestMovie.6.Title),ListItem.Label) | String.IsEqual(Window(Home).Property(LatestMovie.7.Title),ListItem.Label) | String.IsEqual(Window(Home).Property(LatestMovie.8.Title),ListItem.Label) | String.IsEqual(Window(Home).Property(LatestMovie.9.Title),ListItem.Label) | String.IsEqual(Window(Home).Property(LatestMovie.10.Title),ListItem.Label)]] | [[String.IsEqual(ListItem.DBType,tvshow)] + [String.IsEqual(Window(Home).Property(LatestEpisode.1.ShowTitle),ListItem.TvShowTitle) | String.IsEqual(Window(Home).Property(LatestEpisode.2.ShowTitle),ListItem.TvShowTitle) | String.IsEqual(Window(Home).Property(LatestEpisode.3.ShowTitle),ListItem.TvShowTitle) | String.IsEqual(Window(Home).Property(LatestEpisode.4.ShowTitle),ListItem.TvShowTitle) | String.IsEqual(Window(Home).Property(LatestEpisode.5.ShowTitle),ListItem.TvShowTitle) | String.IsEqual(Window(Home).Property(LatestEpisode.6.ShowTitle),ListItem.TvShowTitle) | String.IsEqual(Window(Home).Property(LatestEpisode.7.ShowTitle),ListItem.TvShowTitle) | String.IsEqual(Window(Home).Property(LatestEpisode.8.ShowTitle),ListItem.TvShowTitle) | String.IsEqual(Window(Home).Property(LatestEpisode.9.ShowTitle),ListItem.TvShowTitle) | String.IsEqual(Window(Home).Property(LatestEpisode.10.ShowTitle),ListItem.TvShowTitle)]] | [String.IsEqual(ListItem.DBType,episode) + [String.IsEqual(Window(Home).Property(LatestEpisode.1.EpisodeTitle),ListItem.Title) | String.IsEqual(Window(Home).Property(LatestEpisode.2.EpisodeTitle),ListItem.Title) | String.IsEqual(Window(Home).Property(LatestEpisode.3.EpisodeTitle),ListItem.Title) | String.IsEqual(Window(Home).Property(LatestEpisode.4.EpisodeTitle),ListItem.Title) | String.IsEqual(Window(Home).Property(LatestEpisode.5.EpisodeTitle),ListItem.Title) | String.IsEqual(Window(Home).Property(LatestEpisode.6.EpisodeTitle),ListItem.Title) | String.IsEqual(Window(Home).Property(LatestEpisode.7.EpisodeTitle),ListItem.Title) | String.IsEqual(Window(Home).Property(LatestEpisode.8.EpisodeTitle),ListItem.Title) | String.IsEqual(Window(Home).Property(LatestEpisode.9.EpisodeTitle),ListItem.Title) | String.IsEqual(Window(Home).Property(LatestEpisode.10.EpisodeTitle),ListItem.Title)]]]]">indicator/circle-fo.png</value>
        <value condition="ListItem.IsCollection">indicator/circle-fo.png</value>
        <value condition="Integer.IsGreater(ListItem.Property(UnWatchedEpisodes),0) + [String.IsEqual(ListItem.DBType,tvshow) | String.IsEqual(ListItem.DBType,season) | String.IsEqual(ListItem.DBType,episode)]">indicator/circle-fo.png</value>
    </variable>

    <variable name="Defs_PercentPlayed">
        <value condition="Window.IsVisible(AddonBrowser.xml) + String.EndsWith(ListItem.Label2,%)">$INFO[ListItem.Label2]</value>
        <value condition="!String.IsEmpty(ListItem.Property(WatchedProgress)) + !Integer.IsEqual(ListItem.Property(WatchedProgress),0) + !Integer.IsEqual(ListItem.Property(WatchedProgress),100)">$INFO[ListItem.Property(WatchedProgress)]</value>
        <value condition="!String.IsEmpty(ListItem.PercentPlayed) + [!Integer.IsEqual(ListItem.PercentPlayed,0) | ListItem.IsResumable]">$INFO[ListItem.PercentPlayed]</value>
        <value condition="!Integer.IsEqual(ListItem.Progress,0) + String.IsEmpty(ListItem.ChannelName)">$VAR[Defs_PercentPlayed_Progress]</value>
        <value condition="String.IsEqual(ListItem.Overlay,OverlayWatched.png)">100</value>
        <value condition="Integer.IsGreater(ListItem.PlayCount,0) + !String.IsEqual(ListItem.DBType,song) + !String.IsEqual(ListItem.DBType,album) + !String.IsEqual(ListItem.DBType,artist) + !String.IsEqual(ListItem.DBType,image) + !String.IsEqual(ListItem.DBType,addon)">100</value>
    </variable>

    <variable name="Defs_PercentPlayed_Progress">
        <value condition="Integer.IsEqual(ListItem.Progress,1)">$NUMBER[1]</value>
        <value condition="Integer.IsEqual(ListItem.Progress,2)">$NUMBER[2]</value>
        <value condition="Integer.IsEqual(ListItem.Progress,3)">$NUMBER[3]</value>
        <value condition="Integer.IsEqual(ListItem.Progress,4)">$NUMBER[4]</value>
        <value condition="Integer.IsEqual(ListItem.Progress,5)">$NUMBER[5]</value>
        <value condition="Integer.IsEqual(ListItem.Progress,6)">$NUMBER[6]</value>
        <value condition="Integer.IsEqual(ListItem.Progress,7)">$NUMBER[7]</value>
        <value condition="Integer.IsEqual(ListItem.Progress,8)">$NUMBER[8]</value>
        <value condition="Integer.IsEqual(ListItem.Progress,9)">$NUMBER[9]</value>
        <value condition="Integer.IsEqual(ListItem.Progress,10)">$NUMBER[10]</value>
        <value condition="Integer.IsEqual(ListItem.Progress,11)">$NUMBER[11]</value>
        <value condition="Integer.IsEqual(ListItem.Progress,12)">$NUMBER[12]</value>
        <value condition="Integer.IsEqual(ListItem.Progress,13)">$NUMBER[13]</value>
        <value condition="Integer.IsEqual(ListItem.Progress,14)">$NUMBER[14]</value>
        <value condition="Integer.IsEqual(ListItem.Progress,15)">$NUMBER[15]</value>
        <value condition="Integer.IsEqual(ListItem.Progress,16)">$NUMBER[16]</value>
        <value condition="Integer.IsEqual(ListItem.Progress,17)">$NUMBER[17]</value>
        <value condition="Integer.IsEqual(ListItem.Progress,18)">$NUMBER[18]</value>
        <value condition="Integer.IsEqual(ListItem.Progress,19)">$NUMBER[19]</value>
        <value condition="Integer.IsEqual(ListItem.Progress,20)">$NUMBER[20]</value>
        <value condition="Integer.IsEqual(ListItem.Progress,21)">$NUMBER[21]</value>
        <value condition="Integer.IsEqual(ListItem.Progress,22)">$NUMBER[22]</value>
        <value condition="Integer.IsEqual(ListItem.Progress,23)">$NUMBER[23]</value>
        <value condition="Integer.IsEqual(ListItem.Progress,24)">$NUMBER[24]</value>
        <value condition="Integer.IsEqual(ListItem.Progress,25)">$NUMBER[25]</value>
        <value condition="Integer.IsEqual(ListItem.Progress,26)">$NUMBER[26]</value>
        <value condition="Integer.IsEqual(ListItem.Progress,27)">$NUMBER[27]</value>
        <value condition="Integer.IsEqual(ListItem.Progress,28)">$NUMBER[28]</value>
        <value condition="Integer.IsEqual(ListItem.Progress,29)">$NUMBER[29]</value>
        <value condition="Integer.IsEqual(ListItem.Progress,30)">$NUMBER[30]</value>
        <value condition="Integer.IsEqual(ListItem.Progress,31)">$NUMBER[31]</value>
        <value condition="Integer.IsEqual(ListItem.Progress,32)">$NUMBER[32]</value>
        <value condition="Integer.IsEqual(ListItem.Progress,33)">$NUMBER[33]</value>
        <value condition="Integer.IsEqual(ListItem.Progress,34)">$NUMBER[34]</value>
        <value condition="Integer.IsEqual(ListItem.Progress,35)">$NUMBER[35]</value>
        <value condition="Integer.IsEqual(ListItem.Progress,36)">$NUMBER[36]</value>
        <value condition="Integer.IsEqual(ListItem.Progress,37)">$NUMBER[37]</value>
        <value condition="Integer.IsEqual(ListItem.Progress,38)">$NUMBER[38]</value>
        <value condition="Integer.IsEqual(ListItem.Progress,39)">$NUMBER[39]</value>
        <value condition="Integer.IsEqual(ListItem.Progress,40)">$NUMBER[40]</value>
        <value condition="Integer.IsEqual(ListItem.Progress,41)">$NUMBER[41]</value>
        <value condition="Integer.IsEqual(ListItem.Progress,42)">$NUMBER[42]</value>
        <value condition="Integer.IsEqual(ListItem.Progress,43)">$NUMBER[43]</value>
        <value condition="Integer.IsEqual(ListItem.Progress,44)">$NUMBER[44]</value>
        <value condition="Integer.IsEqual(ListItem.Progress,45)">$NUMBER[45]</value>
        <value condition="Integer.IsEqual(ListItem.Progress,46)">$NUMBER[46]</value>
        <value condition="Integer.IsEqual(ListItem.Progress,47)">$NUMBER[47]</value>
        <value condition="Integer.IsEqual(ListItem.Progress,48)">$NUMBER[48]</value>
        <value condition="Integer.IsEqual(ListItem.Progress,49)">$NUMBER[49]</value>
        <value condition="Integer.IsEqual(ListItem.Progress,50)">$NUMBER[50]</value>
        <value condition="Integer.IsEqual(ListItem.Progress,51)">$NUMBER[51]</value>
        <value condition="Integer.IsEqual(ListItem.Progress,52)">$NUMBER[52]</value>
        <value condition="Integer.IsEqual(ListItem.Progress,53)">$NUMBER[53]</value>
        <value condition="Integer.IsEqual(ListItem.Progress,54)">$NUMBER[54]</value>
        <value condition="Integer.IsEqual(ListItem.Progress,55)">$NUMBER[55]</value>
        <value condition="Integer.IsEqual(ListItem.Progress,56)">$NUMBER[56]</value>
        <value condition="Integer.IsEqual(ListItem.Progress,57)">$NUMBER[57]</value>
        <value condition="Integer.IsEqual(ListItem.Progress,58)">$NUMBER[58]</value>
        <value condition="Integer.IsEqual(ListItem.Progress,59)">$NUMBER[59]</value>
        <value condition="Integer.IsEqual(ListItem.Progress,60)">$NUMBER[60]</value>
        <value condition="Integer.IsEqual(ListItem.Progress,61)">$NUMBER[61]</value>
        <value condition="Integer.IsEqual(ListItem.Progress,62)">$NUMBER[62]</value>
        <value condition="Integer.IsEqual(ListItem.Progress,63)">$NUMBER[63]</value>
        <value condition="Integer.IsEqual(ListItem.Progress,64)">$NUMBER[64]</value>
        <value condition="Integer.IsEqual(ListItem.Progress,65)">$NUMBER[65]</value>
        <value condition="Integer.IsEqual(ListItem.Progress,66)">$NUMBER[66]</value>
        <value condition="Integer.IsEqual(ListItem.Progress,67)">$NUMBER[67]</value>
        <value condition="Integer.IsEqual(ListItem.Progress,68)">$NUMBER[68]</value>
        <value condition="Integer.IsEqual(ListItem.Progress,69)">$NUMBER[69]</value>
        <value condition="Integer.IsEqual(ListItem.Progress,70)">$NUMBER[70]</value>
        <value condition="Integer.IsEqual(ListItem.Progress,71)">$NUMBER[71]</value>
        <value condition="Integer.IsEqual(ListItem.Progress,72)">$NUMBER[72]</value>
        <value condition="Integer.IsEqual(ListItem.Progress,73)">$NUMBER[73]</value>
        <value condition="Integer.IsEqual(ListItem.Progress,74)">$NUMBER[74]</value>
        <value condition="Integer.IsEqual(ListItem.Progress,75)">$NUMBER[75]</value>
        <value condition="Integer.IsEqual(ListItem.Progress,76)">$NUMBER[76]</value>
        <value condition="Integer.IsEqual(ListItem.Progress,77)">$NUMBER[77]</value>
        <value condition="Integer.IsEqual(ListItem.Progress,78)">$NUMBER[78]</value>
        <value condition="Integer.IsEqual(ListItem.Progress,79)">$NUMBER[79]</value>
        <value condition="Integer.IsEqual(ListItem.Progress,80)">$NUMBER[80]</value>
        <value condition="Integer.IsEqual(ListItem.Progress,81)">$NUMBER[81]</value>
        <value condition="Integer.IsEqual(ListItem.Progress,82)">$NUMBER[82]</value>
        <value condition="Integer.IsEqual(ListItem.Progress,83)">$NUMBER[83]</value>
        <value condition="Integer.IsEqual(ListItem.Progress,84)">$NUMBER[84]</value>
        <value condition="Integer.IsEqual(ListItem.Progress,85)">$NUMBER[85]</value>
        <value condition="Integer.IsEqual(ListItem.Progress,86)">$NUMBER[86]</value>
        <value condition="Integer.IsEqual(ListItem.Progress,87)">$NUMBER[87]</value>
        <value condition="Integer.IsEqual(ListItem.Progress,88)">$NUMBER[88]</value>
        <value condition="Integer.IsEqual(ListItem.Progress,89)">$NUMBER[89]</value>
        <value condition="Integer.IsEqual(ListItem.Progress,90)">$NUMBER[90]</value>
        <value condition="Integer.IsEqual(ListItem.Progress,91)">$NUMBER[91]</value>
        <value condition="Integer.IsEqual(ListItem.Progress,92)">$NUMBER[92]</value>
        <value condition="Integer.IsEqual(ListItem.Progress,93)">$NUMBER[93]</value>
        <value condition="Integer.IsEqual(ListItem.Progress,94)">$NUMBER[94]</value>
        <value condition="Integer.IsEqual(ListItem.Progress,95)">$NUMBER[95]</value>
        <value condition="Integer.IsEqual(ListItem.Progress,96)">$NUMBER[96]</value>
        <value condition="Integer.IsEqual(ListItem.Progress,97)">$NUMBER[97]</value>
        <value condition="Integer.IsEqual(ListItem.Progress,98)">$NUMBER[98]</value>
        <value condition="Integer.IsEqual(ListItem.Progress,99)">$NUMBER[99]</value>
        <value condition="Integer.IsEqual(ListItem.Progress,100)">$NUMBER[100]</value>
    </variable>

    <variable name="Image_Poster">
        <value condition="!String.IsEmpty(ListItem.Art(season.poster)) + !Window.IsVisible(Home)">$INFO[ListItem.Art(season.poster)]</value>
        <value condition="$EXP[InGameMode]">$VAR[ROM_Simple_Art_Main]</value>
        <value condition="!String.IsEmpty(ListItem.Art(poster))">$INFO[ListItem.Art(poster)]</value>
        <value condition="!String.IsEmpty(ListItem.Art(tvshow.poster))">$INFO[ListItem.Art(tvshow.poster)]</value>
        <value condition="!String.IsEmpty(Container.Art(season.poster)) + !Window.IsVisible(Home)">$INFO[Container.Art(season.poster)]</value>
        <value condition="!String.IsEmpty(Container.Art(poster))">$INFO[Container.Art(poster)]</value>
        <value condition="!String.IsEmpty(Container.Art(tvshow.poster))">$INFO[Container.Art(tvshow.poster)]</value>
        <value>$INFO[ListItem.Icon]</value>
    </variable>
    <variable name="Image_Banner">
        <value condition="!String.IsEmpty(ListItem.Art(banner))">$INFO[ListItem.Art(banner)]</value>
        <value condition="!String.IsEmpty(ListItem.Art(tvshow.banner))">$INFO[ListItem.Art(tvshow.banner)]</value>
        <value condition="!String.IsEmpty(ListItem.Art(fanart))">$INFO[ListItem.Art(fanart)]</value>
        <value condition="!String.IsEmpty(ListItem.Art(tvshow.fanart))">$INFO[ListItem.Art(tvshow.fanart)]</value>
        <value condition="!String.IsEmpty(Container.Art(tvshow.banner))">$INFO[Container.Art(tvshow.banner)]</value>
        <value condition="!String.IsEmpty(Container.Art(banner))">$INFO[Container.Art(banner)]</value>
        <value condition="!String.IsEmpty(Container.Art(tvshow.banner))">$INFO[Container.Art(tvshow.banner)]</value>
        <value condition="!String.IsEmpty(Container.Art(fanart))">$INFO[Container.Art(fanart)]</value>
        <value condition="!String.IsEmpty(Container.Art(tvshow.fanart))">$INFO[Container.Art(tvshow.fanart)]</value>
        <value condition="!String.IsEmpty(Container.Art(tvshow.banner))">$INFO[Container.Art(tvshow.banner)]</value>
        <value>$INFO[ListItem.Icon]</value>
    </variable>
    
    <variable name="Image_Landscape">
        <value condition="!String.IsEmpty(ListItem.Art(thumb)) + [String.IsEqual(ListItem.DBType,episode) | String.IsEqual(ListItem.DBType,video)] + String.IsEmpty(ListItem.Property(airday))">$INFO[ListItem.Art(thumb)]</value>
        <value condition="!String.IsEmpty(ListItem.Art(snap))">$INFO[ListItem.Art(snap)]</value>
        <value condition="!String.IsEmpty(ListItem.Art(landscape)) + !Skin.HasSetting(LandscapeArt)">$INFO[ListItem.Art(landscape)]</value>
        <value condition="!String.IsEmpty(ListItem.Art(tvshow.landscape)) + !Skin.HasSetting(LandscapeArt)">$INFO[ListItem.Art(thumb)]</value>
        <value condition="!String.IsEmpty(ListItem.Property(fanart))">$INFO[ListItem.Property(fanart)]</value>
        <value condition="!String.IsEmpty(ListItem.Art(fanart))">$INFO[ListItem.Art(fanart)]</value>
        <value condition="!String.IsEmpty(ListItem.Art(tvshow.fanart))">$INFO[ListItem.Art(tvshow.fanart)]</value>
        <value condition="!String.IsEmpty(ListItem.Thumb)">$INFO[ListItem.Thumb]</value>
        <value condition="!String.IsEmpty(ListItem.Art(thumb))">$INFO[ListItem.Art(thumb)]</value>
        <value condition="!String.IsEmpty(Container.Art(landscape)) + !Skin.HasSetting(LandscapeArt)">$INFO[Container.Art(landscape)]</value>
        <value condition="!String.IsEmpty(Container.Art(tvshow.landscape)) + !Skin.HasSetting(LandscapeArt)">$INFO[Container.Art(tvshow.landscape)]</value>
        <value condition="!String.IsEmpty(Container.Property(fanart))">$INFO[Container.Property(fanart)]</value>
        <value condition="!String.IsEmpty(Container.Art(fanart))">$INFO[Container.Art(fanart)]</value>
        <value condition="!String.IsEmpty(Container.Art(tvshow.fanart))">$INFO[Container.Art(tvshow.fanart)]</value>
        <value condition="!String.IsEmpty(Container.Thumb)">$INFO[Container.Thumb]</value>
        <value condition="!String.IsEmpty(Container.Art(thumb))">$INFO[Container.Art(thumb)]</value>
        <value>$INFO[ListItem.Icon]</value>
    </variable>

    <variable name="Image_Landscape_Small">
        <value condition="!String.IsEmpty(ListItem.Art(thumb)) + [String.IsEqual(ListItem.DBType,episode) | String.IsEqual(ListItem.DBType,video)] + String.IsEmpty(ListItem.Property(airday))+ !String.IsEqual(ListItem.Art(thumb),ListItem.Art(fanart))">$INFO[ListItem.Art(thumb)]</value>
        <value condition="!String.IsEmpty(ListItem.Art(snap))">$INFO[ListItem.Art(snap)]</value>
        <value condition="!String.IsEmpty(ListItem.Art(landscape)) + Skin.HasSetting(LandscapeArt)">$INFO[ListItem.Art(landscape)]</value>
        <value condition="!String.IsEmpty(ListItem.Art(tvshow.landscape)) + Skin.HasSetting(LandscapeArt)">$INFO[ListItem.Art(tvshow.landscape)]</value>
        <value condition="!String.IsEmpty(ListItem.Property(fanart))">$INFO[ListItem.Property(fanart)]</value>
        <value condition="!String.IsEmpty(ListItem.Art(fanart))">$INFO[ListItem.Art(fanart)]</value>
        <value condition="!String.IsEmpty(ListItem.Art(tvshow.fanart))">$INFO[ListItem.Art(tvshow.fanart)]</value>
        <value condition="!String.IsEmpty(ListItem.Thumb)">$INFO[ListItem.Thumb]</value>
        <value condition="!String.IsEmpty(ListItem.Art(thumb))">$INFO[ListItem.Art(tvshow.landscape)]</value>
        <value condition="!String.IsEmpty(Container.Art(landscape)) + Skin.HasSetting(LandscapeArt)">$INFO[Container.Art(landscape)]</value>
        <value condition="!String.IsEmpty(Container.Art(tvshow.landscape)) + Skin.HasSetting(LandscapeArt)">$INFO[Container.Art(tvshow.landscape)]</value>
        <value condition="!String.IsEmpty(Container.Property(fanart))">$INFO[Container.Property(fanart)]</value>
        <value condition="!String.IsEmpty(Container.Art(fanart))">$INFO[Container.Art(fanart)]</value>
        <value condition="!String.IsEmpty(Container.Art(tvshow.fanart))">$INFO[Container.Art(tvshow.fanart)]</value>
        <value condition="!String.IsEmpty(Container.Thumb)">$INFO[Container.Thumb]</value>
        <value condition="!String.IsEmpty(Container.Art(thumb))">$INFO[Container.Art(thumb)]</value>
        <value>$INFO[ListItem.Icon]</value>
    </variable>

    <variable name="Image_Fanart">
        <value condition="!String.IsEmpty(ListItem.Property(fanart))">$INFO[ListItem.Property(fanart)]</value>
        <value condition="!String.IsEmpty(ListItem.Art(fanart))">$INFO[ListItem.Art(fanart)]</value>
        <value condition="!String.IsEmpty(ListItem.Art(tvshow.fanart))">$INFO[ListItem.Art(tvshow.fanart)]</value>
        <value condition="!String.IsEmpty(Container.Property(fanart))">$INFO[Container.Property(fanart)]</value>
        <value condition="!String.IsEmpty(Container.Art(fanart))">$INFO[Container.Art(fanart)]</value>
        <value condition="!String.IsEmpty(Container.Art(tvshow.fanart))">$INFO[Container.Art(tvshow.fanart)]</value>
        <value>$INFO[ListItem.Icon]</value>
    </variable>
</includes>
