<?xml version="1.0" encoding="UTF-8"?>
<!-- Foundation -->
<window id="2001">
    <defaultcontrol always="true">300</defaultcontrol>
    <controls>
        <include>Defs_TMDbHelper_Loader</include>
        
        <!-- Top Info -->
        <control type="group">
            <animation effect="fade" condition="Window.IsVisible(Home.xml)" time="1" delay="350" start="0" end="100">WindowOpen</animation>
            <include content="Topbar">
                <param name="info_hide" value="false" />
            </include>
        </control>
        
        <!-- Main Group -->
        <include>DialogMusicInfo</include>
    
    </controls>

</window>
