<?xml version="1.0" encoding="UTF-8"?>
<!-- Foundation -->
<includes>

    <include file="Defaults.xml" />

    <include file="Includes_View_50_List.xml" />
    <include file="Includes_View_51_Wall.xml" />
    <include file="Includes_View_52_Showcase.xml" />
    <include file="Includes_View_53_Poster.xml" />
    <include file="Includes_View_54_AEL.xml" />
    <include file="Includes_Info.xml" />
    <include file="Includes_Home.xml" />
    <include file="Includes_DialogVideoInfo.xml" />
    <include file="Includes_DialogMusicInfo.xml" />

    <include file="Includes_Animations.xml" />
    <include file="Includes_Defs.xml" />
    <include file="Includes_Dialog.xml" />
    <include file="Includes_Global.xml" />
    <include file="Includes_Items.xml" />
    <include file="Includes_Images.xml" />
    <include file="Includes_Labels.xml" />
    <include file="Includes_Object.xml" />
    <include file="Includes_Variable_Object.xml" />
    <include file="Includes_OSD.xml" />
    <include file="Includes_Topbar.xml" />
    <include file="Includes_VideoLyrics.xml" />
    <include file="Includes_Weather.xml" />
    <include file="Includes_AEL.xml" />
    <include file="Includes_PVRWidgets.xml" />

    <include file="Includes_View.xml" />

    <include file="script-skinshortcuts-includes.xml"/>
    <include file="script-skinvariables-includes.xml" />
    <include file="script-skinviewtypes-includes.xml" />

    <include file="Constants_Main.xml" />

    <include file="Includes_Views_Fallbacks.xml" />

    <!-- Highlight Color -->
    <variable name="ColorHighlight">
        <value>$INFO[Skin.String(focuscolor.name)]</value>
    </variable>

    <!-- Gradient Color -->
    <variable name="ColorGradient">
        <value>$INFO[Skin.String(gradientcolor.name)]</value>
    </variable>

    <!-- Invert Text Color -->
    <variable name="ColorSelected">
        <value condition="Skin.HasSetting(InvertTextColor)">ff333333</value>
        <value>Selected</value>
    </variable>
    <variable name="ColorSelected_100">
        <value condition="[[String.IsEqual(Skin.String(PosterHighlight),Mix) | String.IsEqual(Skin.String(PosterHighlight),White) | String.IsEmpty(Skin.String(PosterHighlight))] + !Skin.HasSetting(InvertTextColor)] | [String.IsEqual(Skin.String(PosterHighlight),Highlight) + Skin.HasSetting(InvertTextColor)]">main_bg_100</value>
        <value condition="[[String.IsEqual(Skin.String(PosterHighlight),Mix) | String.IsEqual(Skin.String(PosterHighlight),White)] + Skin.HasSetting(InvertTextColor)] | [String.IsEqual(Skin.String(PosterHighlight),Highlight) + !Skin.HasSetting(InvertTextColor)]">dialog_fg_100</value>
    </variable>
    <variable name="ColorSelected_70">
        <value condition="[[String.IsEqual(Skin.String(PosterHighlight),Mix) | String.IsEqual(Skin.String(PosterHighlight),White) | String.IsEmpty(Skin.String(PosterHighlight))] + !Skin.HasSetting(InvertTextColor)] | [String.IsEqual(Skin.String(PosterHighlight),Highlight) + Skin.HasSetting(InvertTextColor)]">main_bg_70</value>
        <value condition="[[String.IsEqual(Skin.String(PosterHighlight),Mix) | String.IsEqual(Skin.String(PosterHighlight),White)] + Skin.HasSetting(InvertTextColor)] | [String.IsEqual(Skin.String(PosterHighlight),Highlight) + !Skin.HasSetting(InvertTextColor)]">main_fg_70</value>
    </variable>
    <variable name="ColorFG_Highlight">
        <value condition="String.IsEqual(Skin.String(PosterHighlight),White) | String.IsEqual(Skin.String(PosterHighlight),Mix) | String.IsEmpty(Skin.String(PosterHighlight))">main_fg_100</value>
        <value condition="String.IsEqual(Skin.String(PosterHighlight),Highlight)">$VAR[ColorHighlight]</value>
    </variable>

    <!-- Overlay Color -->
    <variable name="ColorOverlay">
        <value condition="Skin.HasSetting(DisableOverlay)">7f000000</value>
        <value condition="Skin.HasSetting(TMDbHelper.EnableColors) + !String.IsEmpty(Window(home).Property(TMDbHelper.ListItem.Colors.Main))">$INFO[Window(home).Property(TMDbHelper.ListItem.Colors.Main)]</value>
        <value condition="!String.IsEmpty(Skin.String(overlaycolor.name))">$INFO[Skin.String(overlaycolor.name)]</value>
        <value>Highlight</value>
    </variable>

    <variable name="ColorHighlightOverlay">
        <value condition="String.IsEqual(Skin.String(PosterHighlight),White) | String.IsEmpty(Skin.String(PosterHighlight))">ffffffff</value>
        <value condition="String.IsEqual(Skin.String(PosterHighlight),Mix) | String.IsEqual(Skin.String(PosterHighlight),Highlight)">$VAR[ColorHighlight]</value>
    </variable>

    <!-- Watched / Progress Color -->
    <variable name="ColorWatchedProgress">
        <value condition="!String.IsEmpty(Skin.String(watchedprogresscolor.name))">$INFO[Skin.String(watchedprogresscolor.name)]</value>
        <value>WatchedProgress</value>
    </variable>

    <variable name="IconsColor_Var">
        <value condition="String.IsEmpty(Skin.String(Icons))">monochrome</value>
        <value>$INFO[Skin.String(Icons)]</value>
    </variable>

    <variable name="IconsDiffuse_Var">
        <value condition="String.IsEmpty(Skin.String(icons.diffuse))">main_fg_100</value>
        <value>$INFO[Skin.String(icons.diffuse)]</value>
    </variable>

    <variable name="IconsColorLabel_Var">
        <value condition="String.IsEmpty(Skin.String(icons.label))">Monochrome</value>
        <value>$INFO[Skin.String(icons.label)]</value>
    </variable>

    <variable name="PVRTimeRemainingMMVar">
        <value condition="Integer.IsEqual(PVR.EpgEventRemainingTime(mm),09)">9m</value>
        <value condition="Integer.IsEqual(PVR.EpgEventRemainingTime(mm),08)">8m</value>
        <value condition="Integer.IsEqual(PVR.EpgEventRemainingTime(mm),07)">7m</value>
        <value condition="Integer.IsEqual(PVR.EpgEventRemainingTime(mm),06)">6m</value>
        <value condition="Integer.IsEqual(PVR.EpgEventRemainingTime(mm),05)">5m</value>
        <value condition="Integer.IsEqual(PVR.EpgEventRemainingTime(mm),04)">4m</value>
        <value condition="Integer.IsEqual(PVR.EpgEventRemainingTime(mm),03)">3m</value>
        <value condition="Integer.IsEqual(PVR.EpgEventRemainingTime(mm),02)">2m</value>
        <value condition="Integer.IsEqual(PVR.EpgEventRemainingTime(mm),01)">1m</value>
    </variable>

    <variable name="PVRTimeRemainingVar">
        <value condition="Integer.IsGreater(PVR.EpgEventRemainingTime(h),0) + Integer.IsGreater(PVR.EpgEventRemainingTime(mm),9)">$INFO[PVR.EpgEventRemainingTime(h),,h]$INFO[PVR.EpgEventRemainingTime(mm),,m]</value>
        <value condition="Integer.IsGreater(PVR.EpgEventRemainingTime(h),0) + Integer.IsLessOrEqual(PVR.EpgEventRemainingTime(mm),9)">$INFO[PVR.EpgEventRemainingTime(h),,h]$VAR[PVRTimeRemainingMMVar]</value>
        <value condition="Integer.IsLessOrEqual(PVR.EpgEventRemainingTime(h),0) + Integer.IsGreater(PVR.EpgEventRemainingTime(mm),9)">$INFO[PVR.EpgEventRemainingTime(mm),,m]</value>
        <value condition="Integer.IsLessOrEqual(PVR.EpgEventRemainingTime(h),0) + Integer.IsLessOrEqual(PVR.EpgEventRemainingTime(mm),9)">$VAR[PVRTimeRemainingMMVar]</value>
        <value>$INFO[PVR.EpgEventRemainingTime(ss)]s</value>
    </variable>

    <variable name="VideoResolutionTypeVar">
        <value condition="String.IsEqual(ListItem.VideoResolution,480)">SD</value>
        <value condition="String.IsEqual(ListItem.VideoResolution,540)">SD</value>
        <value condition="String.IsEqual(ListItem.VideoResolution,576)">SD</value>
        <value condition="String.IsEqual(ListItem.VideoResolution,720)">HD</value>
        <value condition="String.IsEqual(ListItem.VideoResolution,1080)">HD</value>			
        <value condition="String.IsEqual(ListItem.VideoResolution,4K)">UHD</value>
        <value condition="String.IsEqual(ListItem.VideoResolution,8K)">UHD</value>	
    </variable>
    <variable name="VideoCodecVar">
        <value condition="String.IsEqual(ListItem.VideoCodec,av1)">AV1</value>
        <value condition="String.IsEqual(ListItem.VideoCodec,avc1)">AVC-1</value>
        <value condition="String.IsEqual(ListItem.VideoCodec,div3)">DivX</value>
        <value condition="String.IsEqual(ListItem.VideoCodec,divx)">DivX</value>
        <value condition="String.IsEqual(ListItem.VideoCodec,dx50)">DivX</value>
        <value condition="String.IsEqual(ListItem.VideoCodec,flv)">FLV</value>
        <value condition="String.IsEqual(ListItem.VideoCodec,h264)">H.264</value>
        <value condition="String.IsEqual(ListItem.VideoCodec,hev1)">H.265</value>
        <value condition="String.IsEqual(ListItem.VideoCodec,hevc)">H.265</value>
        <value condition="String.IsEqual(ListItem.VideoCodec,hvc1)">H.265</value>
        <value condition="String.IsEqual(ListItem.VideoCodec,mpeg1)">MPEG-1</value>
        <value condition="String.IsEqual(ListItem.VideoCodec,mpeg2)">MPEG-2</value>
        <value condition="String.IsEqual(ListItem.VideoCodec,mpeg2video)">MPEG-2</value>
        <value condition="String.IsEqual(ListItem.VideoCodec,mp4v)">MPEG-4</value>
        <value condition="String.IsEqual(ListItem.VideoCodec,mpeg4)">MPEG-4</value>
        <value condition="String.IsEqual(ListItem.VideoCodec,theora)">Theora</value>
        <value condition="String.IsEqual(ListItem.VideoCodec,vc1)">VC-1</value>
        <value condition="String.IsEqual(ListItem.VideoCodec,vc-1)">VC-1</value>
        <value condition="String.IsEqual(ListItem.VideoCodec,vp8)">VP8</value>
        <value condition="String.IsEqual(ListItem.VideoCodec,vp9)">VP9</value>
        <value condition="String.IsEqual(ListItem.VideoCodec,wmv)">WMV</value>
        <value condition="String.IsEqual(ListItem.VideoCodec,wmv3)">WMV</value>
        <value condition="String.IsEqual(ListItem.VideoCodec,wvc1)">VC-1</value>
        <value condition="String.IsEqual(ListItem.VideoCodec,xvid)">XviD</value>
        <value>$INFO[ListItem.VideoCodec]</value>
    </variable>
    <variable name="VideoHDRVar">
        <value condition="String.IsEqual(ListItem.HdrType,dolbyvision)">Dolby Vision</value>
        <value condition="String.IsEqual(ListItem.HdrType,hdr10)">HDR10</value>
        <value condition="String.IsEqual(ListItem.HdrType,hlg)">HLG</value>
        <value>$INFO[ListItem.HdrType]</value>
    </variable>
    <variable name="AudioCodecVar">
        <value condition="String.IsEqual(ListItem.AudioCodec,aac)">AAC</value>
        <value condition="String.IsEqual(ListItem.AudioCodec,aac_latm)">AAC</value>
        <value condition="String.IsEqual(ListItem.AudioCodec,ac3)">Dolby D</value>
        <value condition="String.IsEqual(ListItem.AudioCodec,aif)">AIFF</value>
        <value condition="String.IsEqual(ListItem.AudioCodec,aifc)">AIFF</value>
        <value condition="String.IsEqual(ListItem.AudioCodec,aiff)">AIFF</value>
        <value condition="String.IsEqual(ListItem.AudioCodec,alac)">ALAC</value>
        <value condition="String.IsEqual(ListItem.AudioCodec,ape)">APE</value>
        <value condition="String.IsEqual(ListItem.AudioCodec,avc)">AVC</value>
        <value condition="String.IsEqual(ListItem.AudioCodec,cdda)">CDDA</value>
        <value condition="String.IsEqual(ListItem.AudioCodec,dca)">DTS</value>
        <value condition="String.IsEqual(ListItem.AudioCodec,dolbydigital)">Dolby D</value>
        <value condition="String.IsEqual(ListItem.AudioCodec,dts)">DTS</value>
        <value condition="String.IsEqual(ListItem.AudioCodec,dtshd_hra)">DTSHD-HRA</value>
        <value condition="String.IsEqual(ListItem.AudioCodec,dtshd_ma)">DTSHD-MA</value>
        <value condition="String.IsEqual(ListItem.AudioCodec,dtsma)">DTSHD-MA</value>
        <value condition="String.IsEqual(ListItem.AudioCodec,eac3)">Dolby D+</value>
        <value condition="String.IsEqual(ListItem.AudioCodec,flac)">FLAC</value>
        <value condition="String.IsEqual(ListItem.AudioCodec,mp1)">MP1</value>
        <value condition="String.IsEqual(ListItem.AudioCodec,mp3)">MP3</value>
        <value condition="String.IsEqual(ListItem.AudioCodec,mp3float)">MP3</value>
        <value condition="String.IsEqual(ListItem.AudioCodec,ogg)">OGG</value>
        <value condition="String.IsEqual(ListItem.AudioCodec,opus)">OPUS</value>
        <value condition="String.IsEqual(ListItem.AudioCodec,pcm)">PCM</value>
        <value condition="String.IsEqual(ListItem.AudioCodec,pcm_bluray)">PCM</value>
        <value condition="String.IsEqual(ListItem.AudioCodec,pcm_s16le)">PCM</value>
        <value condition="String.IsEqual(ListItem.AudioCodec,pcm_s24le)">PCM</value>
        <value condition="String.IsEqual(ListItem.AudioCodec,truehd)">TrueHD</value>
        <value condition="String.IsEqual(ListItem.AudioCodec,vorbis)">Vorbis</value>
        <value condition="String.IsEqual(ListItem.AudioCodec,wav)">WAV</value>
        <value condition="String.IsEqual(ListItem.AudioCodec,wavpack)">WAVP</value>
        <value condition="String.IsEqual(ListItem.AudioCodec,wmapro)">WMA-PRO</value>
        <value condition="String.IsEqual(ListItem.AudioCodec,wmav2)">WMA</value>
        <value>$INFO[ListItem.AudioCodec]</value>
    </variable>
    <variable name="AudioChannelsVar">
        <value condition="String.IsEqual(ListItem.AudioChannels,0)">0.0</value>
        <value condition="String.IsEqual(ListItem.AudioChannels,1)">1.0</value>
        <value condition="String.IsEqual(ListItem.AudioChannels,2)">2.0</value>
        <value condition="String.IsEqual(ListItem.AudioChannels,3)">2.1</value>
        <value condition="String.IsEqual(ListItem.AudioChannels,4)">4.0</value>
        <value condition="String.IsEqual(ListItem.AudioChannels,5)">4.1</value>
        <value condition="String.IsEqual(ListItem.AudioChannels,6)">5.1</value>
        <value condition="String.IsEqual(ListItem.AudioChannels,7)">6.1</value>
        <value condition="String.IsEqual(ListItem.AudioChannels,8)">7.1</value>
        <value condition="String.IsEqual(ListItem.AudioChannels,10)">9.1</value>
        <value>$INFO[ListItem.AudioChannels]</value>
    </variable>
    <variable name="MediaInfoListLabelVar">
        <value condition="Window.IsVisible(selectvideoversion)">$INFO[ListItem.VideoVersionName]</value>
        <value>$INFO[ListItem.Label]</value>
    </variable>
    <variable name="MediaInfoListLabel2Var">
        <value condition="ListItem.IsStereoscopic">$INFO[ListItem.Duration,$LOCALIZE[180]: ][CR]$VAR[VideoCodecVar,, ]$INFO[ListItem.VideoResolution,| , ]$VAR[VideoResolutionTypeVar,, ]$VAR[VideoHDRVar,| , ]| 3D $INFO[ListItem.VideoAspect,| ,:1 ]$VAR[AudioCodecVar,| , ]$VAR[AudioChannelsVar]</value>
        <value>$INFO[ListItem.Duration,$LOCALIZE[180]: ][CR]$VAR[VideoCodecVar,, ]$INFO[ListItem.VideoResolution,| , ]$VAR[VideoResolutionTypeVar,, ]$VAR[VideoHDRVar,| , ]$INFO[ListItem.VideoAspect,| ,:1 ]$VAR[AudioCodecVar,| , ]$VAR[AudioChannelsVar]</value>
    </variable>

    <variable name="Path_Param_Widget">
        <value>&amp;nextpage=false&amp;fanarttv=false&amp;cacheonly=true&amp;length=1</value>
    </variable>

    <variable name="Path_Param_Query">
        <value condition="[String.IsEqual(Container(99950).ListItem.DBType,movie) | String.IsEqual(Container(99950).ListItem.DBType,tvshow)] + !String.IsEmpty(Container(99950).ListItem.Property(tmdb_id))">&amp;tmdb_id=$INFO[Container(99950).ListItem.Property(tmdb_id)]</value>
        <value condition="[String.IsEqual(Container(99950).ListItem.DBType,season) | String.IsEqual(Container(99950).ListItem.DBType,episode)] + !String.IsEmpty(Container(99950).ListItem.Property(tvshow.tmdb_id))">&amp;tmdb_id=$INFO[Container(99950).ListItem.Property(tvshow.tmdb_id)]</value>
        <value condition="[String.IsEqual(ListItem.DBType,movie) | String.IsEqual(ListItem.DBType,tvshow)] + !String.IsEmpty(ListItem.UniqueID(tmdb))">&amp;tmdb_id=$INFO[ListItem.UniqueID(tmdb)]</value>
        <value condition="[String.IsEqual(ListItem.DBType,season) | String.IsEqual(ListItem.DBType,episode)] + !String.IsEmpty(ListItem.UniqueID(tvshow.tmdb))">&amp;tmdb_id=$INFO[ListItem.UniqueID(tvshow.tmdb)]</value>
        <value condition="String.IsEqual(ListItem.DBType,movie) + !String.IsEmpty(ListItem.Property(imdb_id))">&amp;imdb_id=$INFO[ListItem.Property(imdb_id)]</value>
        <value condition="String.IsEqual(ListItem.DBType,movie) + !String.IsEmpty(ListItem.IMDBNumber) + String.StartsWith(ListItem.IMDBNumber,tt)">&amp;imdb_id=$INFO[ListItem.IMDBNumber]</value>
        <value condition="[String.IsEqual(ListItem.DBType,season) | String.IsEqual(ListItem.DBType,episode)] + !String.IsEmpty(ListItem.TvShowTitle)">&amp;query=$INFO[ListItem.TvShowTitle]$INFO[ListItem.Year,&amp;episode_year=,]</value>
        <value condition="[String.IsEqual(ListItem.DBType,movie) | String.IsEqual(ListItem.DBType,season) | String.IsEqual(ListItem.DBType,episode)] + !String.IsEmpty(ListItem.Title)">&amp;query=$INFO[ListItem.Title]$INFO[ListItem.Year,&amp;year=,]</value>
        <value condition="[String.IsEqual(ListItem.DBType,movie) | String.IsEqual(ListItem.DBType,season) | String.IsEqual(ListItem.DBType,episode)]">$INFO[ListItem.Label,&amp;query=,]</value>
    </variable>

    <variable name="Path_Param_Type">
        <value condition="String.IsEqual(Container(99950).ListItem.DBType,movie)">type=movie</value>
        <value condition="String.IsEqual(Container(99950).ListItem.DBType,tvshow) | String.IsEqual(Container(99950).ListItem.DBType,season) | String.IsEqual(Container(99950).ListItem.DBType,episode)">type=tv</value>
        <value condition="String.IsEqual(ListItem.DBType,movie)">type=movie</value>
        <value condition="String.IsEqual(ListItem.DBType,tvshow) | String.IsEqual(ListItem.DBType,season) | String.IsEqual(ListItem.DBType,episode)">type=tv</value>
        <value condition="$EXP[Exp_IsPersonInfo]">type=person</value>
    </variable>

    <variable name="Path_VideoOSD_TMDbType">
        <value condition="VideoPlayer.Content(movies)">movie</value>
        <value condition="VideoPlayer.Content(episodes)">tv</value>
    </variable>

    <variable name="Path_VideoOSD_TMDbQuery">
        <value condition="VideoPlayer.Content(movies) + !String.IsEmpty(VideoPlayer.IMDBNumber) + String.StartsWith(VideoPlayer.IMDBNumber,tt)">$INFO[VideoPlayer.IMDBNumber,&amp;imdb_id=,]</value>
        <value condition="VideoPlayer.Content(movies)">$INFO[Window(Home).Property(TMDbHelper.Player.TMDb_ID),&amp;tmdb_id=,]$INFO[Player.Title,&amp;query=,]$INFO[VideoPlayer.Year,&amp;year=,]</value>
        <value condition="VideoPlayer.Content(episodes)">$INFO[Window(Home).Property(TMDbHelper.Player.TVShow.TMDb_ID),&amp;tmdb_id=,]$INFO[VideoPlayer.TVShowTitle,&amp;query=,]$INFO[VideoPlayer.Season,&amp;season=,]$INFO[VideoPlayer.Episode,&amp;episode=,]$INFO[VideoPlayer.Year,&amp;episode_year=,]</value>
    </variable>

    <variable name="Path_FromDirector">
        <value condition="!String.IsEmpty(Container(99950).ListItem.Property(Director.1.Name)) + !String.IsEmpty(Container(99950).ListItem.Property(Director.1.job)) + String.IsEqual(Container(99950).ListItem.Property(Director.1.job),Director)">$INFO[Container(99950).ListItem.Property(Director.1.TMDb_ID),&amp;tmdb_id=,]</value>
        <value condition="!String.IsEmpty(Container(99950).ListItem.Property(Director.2.Name)) + !String.IsEmpty(Container(99950).ListItem.Property(Director.2.job)) + String.IsEqual(Container(99950).ListItem.Property(Director.2.job),Director)">$INFO[Container(99950).ListItem.Property(Director.2.TMDb_ID),&amp;tmdb_id=,]</value>
        <value condition="!String.IsEmpty(Container(99950).ListItem.Property(Director.3.Name)) + !String.IsEmpty(Container(99950).ListItem.Property(Director.3.job)) + String.IsEqual(Container(99950).ListItem.Property(Director.3.job),Director)">$INFO[Container(99950).ListItem.Property(Director.3.TMDb_ID),&amp;tmdb_id=,]</value>
        <value condition="!String.IsEmpty(Container(99950).ListItem.Property(Director.4.Name)) + !String.IsEmpty(Container(99950).ListItem.Property(Director.4.job)) + String.IsEqual(Container(99950).ListItem.Property(Director.4.job),Director)">$INFO[Container(99950).ListItem.Property(Director.4.TMDb_ID),&amp;tmdb_id=,]</value>
        <value condition="!String.IsEmpty(Container(99950).ListItem.Property(Director.5.Name)) + !String.IsEmpty(Container(99950).ListItem.Property(Director.5.job)) + String.IsEqual(Container(99950).ListItem.Property(Director.5.job),Director)">$INFO[Container(99950).ListItem.Property(Director.5.TMDb_ID),&amp;tmdb_id=,]</value>
        <value condition="!String.IsEmpty(Container(99950).ListItem.Property(Director.6.Name)) + !String.IsEmpty(Container(99950).ListItem.Property(Director.6.job)) + String.IsEqual(Container(99950).ListItem.Property(Director.6.job),Director)">$INFO[Container(99950).ListItem.Property(Director.6.TMDb_ID),&amp;tmdb_id=,]</value>
        <value condition="!String.IsEmpty(Container(99950).ListItem.Property(Director.7.Name)) + !String.IsEmpty(Container(99950).ListItem.Property(Director.7.job)) + String.IsEqual(Container(99950).ListItem.Property(Director.7.job),Director)">$INFO[Container(99950).ListItem.Property(Director.7.TMDb_ID),&amp;tmdb_id=,]</value>
        <value condition="!String.IsEmpty(Container(99950).ListItem.Property(Director.8.Name)) + !String.IsEmpty(Container(99950).ListItem.Property(Director.8.job)) + String.IsEqual(Container(99950).ListItem.Property(Director.8.job),Director)">$INFO[Container(99950).ListItem.Property(Director.8.TMDb_ID),&amp;tmdb_id=,]</value>
        <value condition="!String.IsEmpty(Container(99950).ListItem.Property(Director.9.Name)) + !String.IsEmpty(Container(99950).ListItem.Property(Director.9.job)) + String.IsEqual(Container(99950).ListItem.Property(Director.9.job),Director)">$INFO[Container(99950).ListItem.Property(Director.9.TMDb_ID),&amp;tmdb_id=,]</value>
        <value condition="!String.IsEmpty(Container(99950).ListItem.Director)">$INFO[Container(99950).ListItem.Director,&amp;query=,]</value>
        <value>$INFO[ListItem.Director,&amp;query=,]</value>
    </variable>

    <variable name="Path_FromStudio">
        <value condition="!String.IsEmpty(Container(99950).ListItem.Property(Network.1.TMDb_ID))">$INFO[Container(99950).ListItem.Property(Network.1.TMDb_ID),&amp;type=tv&amp;with_networks=,&amp;with_id=True]</value>
        <value condition="!String.IsEmpty(Container(99950).ListItem.Property(Network.2.TMDb_ID))">$INFO[Container(99950).ListItem.Property(Network.2.TMDb_ID),&amp;type=tv&amp;with_networks=,&amp;with_id=True]</value>
        <value condition="!String.IsEmpty(Container(99950).ListItem.Property(Network.3.TMDb_ID))">$INFO[Container(99950).ListItem.Property(Network.3.TMDb_ID),&amp;type=tv&amp;with_networks=,&amp;with_id=True]</value>
        <value condition="!String.IsEmpty(Container(99950).ListItem.Property(Studio.1.TMDb_ID))">$INFO[Container(99950).ListItem.Property(Studio.1.TMDb_ID),&amp;type=movie&amp;with_companies=,&amp;with_id=True]</value>
        <value condition="!String.IsEmpty(Container(99950).ListItem.Property(Studio.2.TMDb_ID))">$INFO[Container(99950).ListItem.Property(Studio.2.TMDb_ID),&amp;type=movie&amp;with_companies=,&amp;with_id=True]</value>
        <value condition="!String.IsEmpty(Container(99950).ListItem.Property(Studio.3.TMDb_ID))">$INFO[Container(99950).ListItem.Property(Studio.3.TMDb_ID),&amp;type=movie&amp;with_companies=,&amp;with_id=True]</value>
    </variable>

    <include name="Dimensions_Fullscreen">
        <left>0</left>
        <top>0</top>
        <width>1920</width>
        <height>1080</height>
    </include>

    <include name="Dimensions_TrailerScreen">
        <top>-100</top>
        <right>-20</right>
        <width>1520</width>
        <height>925</height>
    </include>

    <include name="AutoCompletion">
        <content>plugin://plugin.program.autocompletion?info=autocomplete&amp;&amp;id=$INFO[Control.GetLabel(312).index(1)]&amp;&amp;limit=9</content>
    </include>
</includes>
