<?xml version="1.0" encoding="UTF-8"?>
<includes>

    <variable name="info_query">
        <value condition="String.IsEqual(ListItem.DBTYPE,movie) + !String.IsEmpty(ListItem.Property(imdb_id))">imdb_id=$INFO[ListItem.Property(imdb_id)]</value>
        <value condition="String.IsEqual(ListItem.DBTYPE,movie) + !String.IsEmpty(ListItem.IMDBNumber) + String.StartsWith(ListItem.IMDBNumber,tt)">imdb_id=$INFO[ListItem.IMDBNumber]</value>
        <value condition="[String.IsEqual(ListItem.DBTYPE,season) | String.IsEqual(ListItem.DBTYPE,episode) | String.StartsWith(ListItem.Label,Season)] + !String.IsEmpty(ListItem.TvShowTitle)">query=$INFO[ListItem.TvShowTitle]</value>
        <value condition="!String.IsEmpty(ListItem.Title) + !String.IsEmpty(ListItem.Year)">query=$INFO[ListItem.Title]&amp;year=$INFO[ListItem.Year]</value>
        <value condition="!String.IsEmpty(ListItem.Title)">query=$INFO[ListItem.Title]</value>
        <value>query=$INFO[ListItem.Label]</value>
    </variable>

    <variable name="tmdb_type">
        <value condition="String.IsEqual(ListItem.DBTYPE,movie) | ListItem.IsCollection | String.IsEqual(ListItem.DBTYPE,set)">movie</value>
        <value condition="String.IsEqual(ListItem.DBTYPE,tvshow) | String.IsEqual(ListItem.DBTYPE,season) | String.IsEqual(ListItem.DBTYPE,episode)">tv</value>
    </variable>

    <variable name="Info_Keywords">
        <value condition="[String.IsEqual(ListItem.DBTYPE,movie)] + !Skin.HasSetting(DisableExtendedInfo) + System.HasAddon(plugin.video.themoviedb.helper)">plugin://plugin.video.themoviedb.helper/?info=movie_keywords&amp;type=$VAR[tmdb_type]&amp;$VAR[info_query]&amp;nextpage=false</value>
    </variable>

    <variable name="Info_Cast_List01">
        <value condition="!Container(3100).IsUpdating + Integer.IsGreater(Container(3100).NumItems,0)">$INFO[Container(3100).ListItemAbsolute(1).FolderPath]</value>
        <value>videodb://</value>
    </variable>
    <variable name="Info_Cast_List02">
        <value condition="!Container(3100).IsUpdating + Integer.IsGreater(Container(3100).NumItems,0)">$INFO[Container(3100).ListItemAbsolute(2).FolderPath]</value>
        <value>videodb://</value>
    </variable>
    <variable name="Info_Cast_List03">
        <value condition="!Container(3100).IsUpdating + Integer.IsGreater(Container(3100).NumItems,0)">$INFO[Container(3100).ListItemAbsolute(3).FolderPath]</value>
        <value>videodb://</value>
    </variable>
    <variable name="Info_Cast_List04">
        <value condition="!Container(3100).IsUpdating + Integer.IsGreater(Container(3100).NumItems,0)">$INFO[Container(3100).ListItemAbsolute(4).FolderPath]</value>
        <value>videodb://</value>
    </variable>
    <variable name="Info_Cast_List05">
        <value condition="!Container(3100).IsUpdating + Integer.IsGreater(Container(3100).NumItems,0)">$INFO[Container(3100).ListItemAbsolute(5).FolderPath]</value>
        <value>videodb://</value>
    </variable>

    <variable name="Path_Param_Widget">
        <value>&amp;nextpage=false&amp;fanarttv=false&amp;cacheonly=true&amp;length=1</value>
    </variable>

    <include name="Info_Widget_Poster">
        <param name="includecondition" default="true" />
        <param name="id" default="5001" />
        <param name="groupid" default="7001" />
        <param name="minnumitems" default="1" />
        <param name="label" default="$INFO[ListItem.Title]" />
        <param name="labelinclude" default="Defs_Null" />
        <definition>
            <include content="View_Cast_Toplabel" condition="$PARAM[includecondition]">
                <param name="groupid" value="$PARAM[groupid]" />
                <param name="id" value="$PARAM[id]" />
                <param name="label" value="$PARAM[label]" />
                <visible>Control.IsVisible($PARAM[id])</visible>
            </include>
            <include content="View_51_Wall_Container" condition="$PARAM[includecondition]">
                <param name="controllayout" value="View_Cast" />
                <param name="id" value="$PARAM[id]" />
                <param name="height" value="item_cast_height" />
                <param name="orientation" value="horizontal" />
                <param name="itemwidth" value="$PARAM[itemwidth]" />
                <param name="iconheight" value="$PARAM[iconheight]" />
                <param name="diffuse" value="$PARAM[diffuse]" />
                <param name="icon" value="$PARAM[icon]" />
                <param name="labelinclude" value="$PARAM[labelinclude]" />
                <param name="visible" value="Integer.IsGreater(Container($PARAM[id]).NumItems,$PARAM[minnumitems]) | Container($PARAM[id]).IsUpdating" />
                <animation effect="fade" start="100" end="0" condition="!Integer.IsGreater(Container($PARAM[id]).NumItems,$PARAM[minnumitems]) | Container($PARAM[id]).IsUpdating">Conditional</animation>
                <nested />
            </include>
        </definition>
    </include>

    <include name="Info_Gallery_Itemlayout">
        <control type="group">
            <left>15</left>
            <top>15</top>
            <visible>String.IsEmpty(ListItem.Property(discart))</visible>
            <include content="View_50_Poster">
                <param name="height" value="view_poster_height" />
                <param name="width" value="1790" />
                <param name="aspectratio" value="scale" />
                <param name="diffuse" value="diffuse/lovefilm.png" />
                <param name="icon" value="$PARAM[icon]" />
            </include>
            <control type="group">
                <top>-15</top>
                <include>View_WatchedOverlay</include>
            </control>
        </control>
        <control type="group">
            <left>15</left>
            <top>15</top>
            <visible>!String.IsEmpty(ListItem.Property(discart))</visible>
            <control type="image">
                <texture background="true">$INFO[ListItem.Property(discart)]</texture>
                <aspectratio align="left">keep</aspectratio>
            </control>
            <control type="textbox">
                <right>0</right>
                <width>700</width>
                <height>350</height>
                <align>right</align>
                <aligny>center</aligny>
                <textcolor>main_fg_70</textcolor>
                <label>$INFO[ListItem.Property(tagline)]</label>
                <font>font_info_display</font>
            </control>
            <control type="image">
                <top>390</top>
                <right>0</right>
                <width>700</width>
                <height>390</height>
                <texture background="true">$INFO[ListItem.Property(clearlogo)]</texture>
                <aspectratio align="right" aligny="center">keep</aspectratio>
                <visible>!String.IsEmpty(ListItem.Property(clearlogo))</visible>
            </control>
        </control>
    </include>

    <include name="Info_Gallery">
        <param name="icon" default="$INFO[ListItem.Icon]" />
        <param name="controltype" default="list" />
        <definition>
            <control type="list" id="$PARAM[id]">
                <orientation>horizontal</orientation>
                <height>view_height</height>
                <width>1790</width>
                <itemlayout width="1790" height="view_height">
                    <include content="Info_Gallery_Itemlayout">
                        <param name="icon" value="$PARAM[icon]" />
                    </include>
                </itemlayout>
                <focusedlayout width="1790" height="view_height">
                    <include content="Info_Gallery_Itemlayout">
                        <param name="icon" value="$PARAM[icon]" />
                    </include>
                </focusedlayout>
                <nested />
            </control>
        </definition>
    </include>

    <include name="Info_Button_Grouplist">
        <control type="grouplist" id="300">
            <onup>9601</onup>
            <ondown>4100</ondown>
            <include>Defs_ButtonList</include>

            <include content="Object_Info_Button">
                <param name="id" value="3101" />
                <param name="groupid" value="3201" />
                <param name="width" value="auto" />
                <param name="label" value="$VAR[Label_Info_PlayButton]" />
                <param name="icon" value="$VAR[Image_Info_PlayButton]" />
                <param name="visible" value="Control.IsEnabled(3101) + !ListItem.IsFolder + !ListItem.IsCollection" />

                <onclick condition="!String.IsEmpty(ListItem.FileNameAndPath)">RunScript(plugin.video.themoviedb.helper,close_dialog=1190,playmedia='$ESCINFO[ListItem.FileNameAndPath]')</onclick>
                <onclick condition="String.IsEmpty(ListItem.FileNameAndPath)">RunScript(plugin.video.themoviedb.helper,close_dialog=1190,playmedia='$ESCINFO[ListItem.FolderPath]')</onclick>
            </include>

            <include content="Object_Info_Button">
                <param name="id" value="3102" />
                <param name="groupid" value="3202" />
                <param name="width" value="auto" />
                <param name="label" value="$LOCALIZE[1024]" />
                <param name="icon" value="special://skin/extras/icons/folder.png" />
                <param name="visible" value="[ListItem.IsFolder | ListItem.IsCollection]" />

                <onclick>Dialog.Close(1140)</onclick>
                <onclick condition="Window.IsVisible(MyVideoNav.xml) + String.IsEmpty(ListItem.DBID)">RunScript(plugin.video.themoviedb.helper,close_dialog=1190,call_update=$INFO[ListItem.FolderPath])</onclick>
                <onclick condition="Window.IsVisible(MyVideoNav.xml) + !String.IsEmpty(ListItem.DBID) + String.IsEqual(ListItem.DBType,tvshow)">RunScript(plugin.video.themoviedb.helper,close_dialog=1190,call_update=$INFO[ListItem.DBID,videodb://tvshows/titles/,/])</onclick>
                <onclick condition="Window.IsVisible(MyVideoNav.xml) + !String.IsEmpty(ListItem.DBID) + ListItem.IsCollection">RunScript(plugin.video.themoviedb.helper,close_dialog=1190,call_update=$INFO[ListItem.DBID,videodb://movies/sets/,/])</onclick>

                <onclick condition="!Window.IsVisible(MyVideoNav.xml) + String.IsEmpty(ListItem.DBID)">RunScript(plugin.video.themoviedb.helper,close_dialog=1190,call_path=$INFO[ListItem.FolderPath])</onclick>
                <onclick condition="!Window.IsVisible(MyVideoNav.xml) + !String.IsEmpty(ListItem.DBID) + String.IsEqual(ListItem.DBType,tvshow)">RunScript(plugin.video.themoviedb.helper,close_dialog=1190,call_path=$INFO[ListItem.DBID,videodb://tvshows/titles/,/])</onclick>
                <onclick condition="Window.IsVisible(MyVideoNav.xml) + !String.IsEmpty(ListItem.DBID) + ListItem.IsCollection">RunScript(plugin.video.themoviedb.helper,close_dialog=1190,call_path=$INFO[ListItem.DBID,videodb://movies/sets/,/])</onclick>
            </include>

            <include content="Object_Info_Button">
                <param name="id" value="8115" />
                <param name="groupid" value="8015" />
                <param name="width" value="auto" />
                <param name="label" value="$LOCALIZE[30060]" />
                <param name="icon" value="special://skin/extras/icons/search.png" />
                <param name="visible" value="!String.IsEmpty(ListItem.Property(tmdb_id)) | !String.IsEmpty(ListItem.IMDbNumber)" />

                <onclick condition="!String.IsEmpty(ListItem.TvShowTitle)">Skin.SetString(SearchTerm,$INFO[ListItem.TvShowTitle])</onclick>
                <onclick condition="String.IsEmpty(ListItem.TvShowTitle) + !String.IsEmpty(ListItem.Title)">Skin.SetString(SearchTerm,$INFO[ListItem.Title])</onclick>
                <onclick condition="String.IsEmpty(ListItem.TvShowTitle) + String.IsEmpty(ListItem.Title) + !String.IsEmpty(ListItem.Label)">Skin.SetString(SearchTerm,$INFO[ListItem.Label])</onclick>
                <onclick>RunScript(plugin.video.themoviedb.helper,close_dialog=1190,call_id=1138)</onclick>
            </include>

            <include content="Object_Info_Button">
                <param name="id" value="8899" />
                <param name="groupid" value="8014" />
                <param name="width" value="auto" />
                <param name="label" value="$LOCALIZE[30102]" />
                <param name="icon" value="special://skin/extras/icons/video.png" />
                <param name="visible" value="!Window.IsVisible(1140) + [!String.IsEmpty(ListItem.Trailer) | !String.IsEmpty(Container(99950).ListItem.Trailer)]" />

                <onclick condition="!String.IsEmpty(ListItem.Trailer)">SetProperty(HasTrailer,$INFO[ListItem.Trailer],Home)</onclick>
                <onclick condition="!String.IsEmpty(ListItem.Trailer)">PlayMedia($ESCINFO[ListItem.Trailer]),False</onclick>
                <onclick condition="String.IsEmpty(ListItem.Trailer)">SetProperty(HasTrailer,$INFO[Container(99950).ListItem.Trailer],Home)</onclick>
                <onclick condition="String.IsEmpty(ListItem.Trailer)">PlayMedia($ESCINFO[Container(99950).ListItem.Trailer]),False</onclick>
                <onclick>Dialog.Close(all,true)</onclick>
            </include>

            <include content="Object_Info_Button">
                <param name="id" value="8150" />
                <param name="groupid" value="8050" />
                <param name="width" value="auto" />
                <param name="label" value="$LOCALIZE[30103]" />
                <param name="icon" value="special://skin/extras/icons/person.png" />
                <param name="visible" value="Control.IsEnabled(8150)" />

                <onclick>SetFocus(50)</onclick>
            </include>

            <include content="Object_Info_Button">
                <param name="id" value="8151" />
                <param name="groupid" value="8051" />
                <param name="label" value="30041" />
                <param name="width" value="auto" />
                <param name="icon" value="special://skin/extras/icons/trakttv.png" />
                <param name="visible" value="[!String.IsEmpty(ListItem.Property(tmdb_id)) | !String.IsEmpty(Container(99950).ListItem.Property(TMDb_ID))] + [String.IsEqual(ListItem.DBTYPE,movie) | String.IsEqual(ListItem.DBTYPE,tvshow)] + !String.IsEmpty(Window(Home).Property(TMDbHelper.TraktIsAuth))" />

                <onclick condition="!String.IsEmpty(ListItem.Property(tmdb_id))">RunScript(plugin.video.themoviedb.helper,sync_trakt=watchlist,tmdb_id=$INFO[ListItem.Property(tmdb_id)],type=$VAR[tmdb_type],cache_refresh)</onclick>
                <onclick condition="String.IsEmpty(ListItem.Property(tmdb_id))">RunScript(plugin.video.themoviedb.helper,sync_trakt=watchlist,tmdb_id=$INFO[Container(99950).ListItem.Property(TMDb_ID)],type=$VAR[tmdb_type],cache_refresh)</onclick>
            </include>

            <include content="Object_Info_Button">
                <param name="id" value="7" />
                <param name="groupid" value="8007" />
                <param name="width" value="auto" />
                <param name="label" value="$LOCALIZE[30104]" />
                <param name="icon" value="special://skin/extras/icons/userrating.png" />
                <param name="visible" value="Control.IsEnabled(7)" />
            </include>

            <include content="Object_Info_Button">
                <param name="id" value="8101" />
                <param name="groupid" value="8001" />
                <param name="width" value="auto" />
                <param name="label" value="$LOCALIZE[31312]"/>
                <param name="icon" value="special://skin/extras/icons/settings.png" />
                <param name="visible" value="Control.IsEnabled(6) + !Skin.HasSetting(KioskMode)" />
                <onfocus>SetProperty(FilePath,1,Home)</onfocus>
                <onunfocus>ClearProperty(FilePath,Home)</onunfocus>
                <onclick>SetFocus(8111)</onclick>
            </include>

            <include content="Object_Info_Button">
                <param name="id" value="9105" />
                <param name="groupid" value="8003" />
                <param name="width" value="auto" />
                <param name="label" value="Fanart" />
                <param name="icon" value="special://skin/extras/icons/pictures.png" />
                <param name="visible" value="!Container(6000).IsUpdating" />

                <onclick>SetProperty(fanart,$INFO[Container(6000).ListItem(0).Thumb],home)</onclick>
                <onclick>SetProperty(fanart1,$INFO[Container(6000).ListItem(1).Thumb],home)</onclick>
                <onclick>SetProperty(fanart2,$INFO[Container(6000).ListItem(2).Thumb],home)</onclick>
                <onclick>SetProperty(fanart3,$INFO[Container(6000).ListItem(3).Thumb],home)</onclick>
                <onclick>SetProperty(fanart4,$INFO[Container(6000).ListItem(4).Thumb],home)</onclick>
                <onclick>SetProperty(fanart5,$INFO[Container(6000).ListItem(5).Thumb],home)</onclick>
                <onclick>SetProperty(fanart6,$INFO[Container(6000).ListItem(6).Thumb],home)</onclick>
                <onclick>SetProperty(fanart7,$INFO[Container(6000).ListItem(7).Thumb],home)</onclick>
                <onclick>SetProperty(fanart8,$INFO[Container(6000).ListItem(8).Thumb],home)</onclick>
                <onclick>SetProperty(fanart9,$INFO[Container(6000).ListItem(9).Thumb],home)</onclick>
                <onclick>ActivateWindow(1126)</onclick>
            </include>
        </control>
    </include>

    <include name="Info_Button_300">
        <control type="button" id="300">
            <include>Defs_Hidden_Button</include>
            <onfocus>SetFocus(8300)</onfocus>
        </control>
        <control type="button" id="8300">
            <include>Defs_Hidden_Button</include>
            <onup>9601</onup>
            <ondown>4100</ondown>
            <oninfo>Close</oninfo>
        </control>
    </include>

    <include name="Info_ImageViewer">
        <param name="listid" default="5006" />
        <param name="buttonid" default="9506" />
        <param name="art" default="Art(poster)" />
        <definition>
            <control type="button" id="$PARAM[buttonid]">
                <include>Defs_Hidden_Button</include>
                <onleft>Control.Move($PARAM[listid],-1)</onleft>
                <onright>Control.Move($PARAM[listid],1)</onright>
                <onback>$PARAM[listid]</onback>
            </control>
            <control type="group">
                <include>Animation_FadeInOut</include>
                <include>Global_Overlay</include>
                <include>Global_Overlay</include>
                <visible>Control.HasFocus($PARAM[buttonid])</visible>
                <control type="image">
                    <aspectratio>keep</aspectratio>
                    <texture background="true">$INFO[Container($PARAM[listid]).ListItem.$PARAM[art]]</texture>
                </control>
            </control>
        </definition>
    </include>
</includes>
