<?xml version="1.0" encoding="UTF-8" standalone="yes"?>
<addon id="script.skinhelper" name="SkinHelper" version="0.0.4" provider-name="heppen">
	<requires>
		<import addon="xbmc.python" version="3.0.0"/>
		<import addon="script.module.pil"/>
	</requires>
	<extension point="xbmc.python.script" library="default.py">
		<provides>executable</provides>
	</extension>
	<extension point="xbmc.addon.metadata">
		<summary lang="en_GB">Simple Skin Helper</summary>
		<description lang="en_GB">This script is made by heppen to help skinning</description>
		<language></language>
		<platform>all</platform>
	</extension>
</addon>