<?xml version="1.0" encoding="UTF-8"?>
<includes>

    <expression name="Exp_View_50">[[Container.Content(movies) + [[String.IsEmpty(Container.PluginName)] | [!String.IsEmpty(Container.PluginName)]]] | [Container.Content(sets) + [[String.IsEmpty(Container.PluginName)] | [!String.IsEmpty(Container.PluginName)]]] | [Container.Content(tvshows) + [[String.IsEmpty(Container.PluginName)] | [!String.IsEmpty(Container.PluginName)]]] | [Container.Content(seasons) + [[String.IsEmpty(Container.PluginName)] | [!String.IsEmpty(Container.PluginName)]]] | [Container.Content(episodes) + [[String.IsEmpty(Container.PluginName)] | [!String.IsEmpty(Container.PluginName)]]] | [Container.Content(actors) + [[String.IsEmpty(Container.PluginName)] | [!String.IsEmpty(Container.PluginName)]]] | [Container.Content(favourites) + [[String.IsEmpty(Container.PluginName)] | [!String.IsEmpty(Container.PluginName)]]]]</expression>
    <expression name="Exp_View_50_Include">True</expression>
    <expression name="Exp_View_51">[False]</expression>
    <expression name="Exp_View_51_Include">False</expression>
    <expression name="Exp_View_52">[False]</expression>
    <expression name="Exp_View_52_Include">False</expression>
    <expression name="Exp_View_53">[False]</expression>
    <expression name="Exp_View_53_Include">False</expression>
    <expression name="Exp_View_500">[[Container.Content(videos) + [[String.IsEmpty(Container.PluginName)] | [!String.IsEmpty(Container.PluginName)]]] | [Container.Content(videoversions) + [[String.IsEmpty(Container.PluginName)] | [!String.IsEmpty(Container.PluginName)]]] | [!Window.IsVisible(MyMusicNav.xml) + Container.Content(genres) + [[String.IsEmpty(Container.PluginName)] | [!String.IsEmpty(Container.PluginName)]]] | [Window.IsVisible(MyMusicNav.xml) + Container.Content(genres) + [[String.IsEmpty(Container.PluginName)] | [!String.IsEmpty(Container.PluginName)]]] | [!Window.IsVisible(MyMusicNav.xml) + Container.Content(years) + [[String.IsEmpty(Container.PluginName)] | [!String.IsEmpty(Container.PluginName)]]] | [Window.IsVisible(MyMusicNav.xml) + Container.Content(years) + [[String.IsEmpty(Container.PluginName)] | [!String.IsEmpty(Container.PluginName)]]] | [Container.Content(studios) + [[String.IsEmpty(Container.PluginName)] | [!String.IsEmpty(Container.PluginName)]]] | [Container.Content(directors) + [[String.IsEmpty(Container.PluginName)] | [!String.IsEmpty(Container.PluginName)]]] | [Container.Content(countries) + [[String.IsEmpty(Container.PluginName)] | [!String.IsEmpty(Container.PluginName)]]] | [Container.Content(tags) + [[String.IsEmpty(Container.PluginName)] | [!String.IsEmpty(Container.PluginName)]]] | [Container.Content(roles) + [[String.IsEmpty(Container.PluginName)] | [!String.IsEmpty(Container.PluginName)]]] | [Container.Content(playlists) + [[String.IsEmpty(Container.PluginName)] | [!String.IsEmpty(Container.PluginName)]]] | [Container.Content(musicvideos) + [[String.IsEmpty(Container.PluginName)] | [!String.IsEmpty(Container.PluginName)]]] | [Container.Content(artists) + [[String.IsEmpty(Container.PluginName)] | [!String.IsEmpty(Container.PluginName)]]] | [Container.Content(albums) + [[String.IsEmpty(Container.PluginName)] | [!String.IsEmpty(Container.PluginName)]]] | [Container.Content(songs) + [[String.IsEmpty(Container.PluginName)] | [!String.IsEmpty(Container.PluginName)]]] | [Container.Content(files) + [[String.IsEmpty(Container.PluginName)] | [!String.IsEmpty(Container.PluginName)]]] | [Container.Content(sources) + [[String.IsEmpty(Container.PluginName)] | [!String.IsEmpty(Container.PluginName)]]] | [Container.Content(addons) + [[String.IsEmpty(Container.PluginName)] | [!String.IsEmpty(Container.PluginName)]]] | [Container.Content(recordings) + [[String.IsEmpty(Container.PluginName)] | [!String.IsEmpty(Container.PluginName)]]] | [Container.Content(games) + [[String.IsEmpty(Container.PluginName)] | [!String.IsEmpty(Container.PluginName)]]] | [Container.Content() + Window.IsVisible(MyGames.xml) + [[String.IsEmpty(Container.PluginName)] | [!String.IsEmpty(Container.PluginName)]]] | [Container.Content() + Window.IsVisible(MyPVRRecordings.xml) + [[String.IsEmpty(Container.PluginName)] | [!String.IsEmpty(Container.PluginName)]]] | [Container.Content() + Window.IsVisible(MyPVRTimers.xml) + [[String.IsEmpty(Container.PluginName)] | [!String.IsEmpty(Container.PluginName)]]] | [Container.Content() + Window.IsVisible(MyPVRSearch.xml) + [[String.IsEmpty(Container.PluginName)] | [!String.IsEmpty(Container.PluginName)]]] | [Container.Content() + !Window.IsVisible(MyGames.xml) + !Window.IsVisible(MyPVRRecordings.xml) + !Window.IsVisible(MyPVRTimers.xml) + !Window.IsVisible(MyPVRSearch.xml) + [[String.IsEmpty(Container.PluginName)] | [!String.IsEmpty(Container.PluginName)]]]]</expression>
    <expression name="Exp_View_500_Include">True</expression>
    <expression name="Exp_View_501">[False]</expression>
    <expression name="Exp_View_501_Include">False</expression>
    <expression name="Exp_View_502">[False]</expression>
    <expression name="Exp_View_502_Include">False</expression>
    <expression name="Exp_View_503">[False]</expression>
    <expression name="Exp_View_503_Include">False</expression>
    <expression name="Exp_View_504">[False]</expression>
    <expression name="Exp_View_504_Include">False</expression>
    <expression name="Exp_View_510">[[Container.Content(images) + [[String.IsEmpty(Container.PluginName)] | [!String.IsEmpty(Container.PluginName)]]]]</expression>
    <expression name="Exp_View_510_Include">True</expression>
    <expression name="Exp_View_511">[False]</expression>
    <expression name="Exp_View_511_Include">False</expression>
    <expression name="Exp_View_512">[False]</expression>
    <expression name="Exp_View_512_Include">False</expression>
    <expression name="Exp_View_513">[False]</expression>
    <expression name="Exp_View_513_Include">False</expression>
    <expression name="Exp_View_514">[False]</expression>
    <expression name="Exp_View_514_Include">False</expression>
    <expression name="Exp_View_515">[False]</expression>
    <expression name="Exp_View_515_Include">False</expression>
    <expression name="Exp_View_516">[False]</expression>
    <expression name="Exp_View_516_Include">False</expression>
    <expression name="Exp_View_517">[False]</expression>
    <expression name="Exp_View_517_Include">False</expression>
    <expression name="Exp_View_520">[False]</expression>
    <expression name="Exp_View_520_Include">False</expression>
    <expression name="Exp_View_521">[False]</expression>
    <expression name="Exp_View_521_Include">False</expression>
    <expression name="Exp_View_522">[False]</expression>
    <expression name="Exp_View_522_Include">False</expression>
    <expression name="Exp_View_523">[False]</expression>
    <expression name="Exp_View_523_Include">False</expression>
    <expression name="Exp_View_524">[False]</expression>
    <expression name="Exp_View_524_Include">False</expression>
    <expression name="Exp_View_525">[False]</expression>
    <expression name="Exp_View_525_Include">False</expression>
    <expression name="Exp_View_526">[False]</expression>
    <expression name="Exp_View_526_Include">False</expression>
    <expression name="Exp_View_527">[False]</expression>
    <expression name="Exp_View_527_Include">False</expression>
    <expression name="Exp_View_528">[False]</expression>
    <expression name="Exp_View_528_Include">False</expression>
    <expression name="Exp_View_529">[False]</expression>
    <expression name="Exp_View_529_Include">False</expression>
    <expression name="Exp_View_540">[False]</expression>
    <expression name="Exp_View_540_Include">False</expression>
    <expression name="Exp_View_541">[False]</expression>
    <expression name="Exp_View_541_Include">False</expression>
</includes>