<?xml version="1.0" encoding="UTF-8"?>
<includes>

    <variable name="Image_Home_CornerIcon">
        <value condition="String.IsEqual(Skin.String(CornerIcon),Settings)">special://skin/extras/icons/settings.png</value>
        <value condition="String.IsEqual(Skin.String(CornerIcon),Power)">special://skin/extras/icons/power.png</value>
        <value condition="String.IsEqual(Skin.String(CornerIcon),Home)">special://skin/extras/icons/home.png</value>
        <value condition="String.IsEqual(Skin.String(CornerIcon),Kodi)">special://skin/extras/icons/kodi.png</value>
        <value>special://skin/extras/icons/search.png</value>
    </variable>

    <variable name="Image_UpNext">
        <value condition="!String.IsEmpty(Window.Property(landscape))">$INFO[Window.Property(landscape)]</value>
        <value condition="!String.IsEmpty(Window.Property(fanart))">$INFO[Window.Property(fanart)]</value>
        <value condition="!String.IsEmpty(Window.Property(thumb))">$INFO[Window.Property(thumb)]</value>
    </variable>

    <variable name="Image_Info_PlayButton">
        <value condition="ListItem.IsFolder">special://skin/extras/icons/folder.png</value>
        <value>special://skin/extras/icons/play3.png</value>
    </variable>

    <variable name="Image_Home_Clearlogo">
        <value condition="!String.IsEmpty(Container(5600).ListItem.Art(tvshow.clearlogo))">$INFO[Container(5600).ListItem.Art(tvshow.clearlogo)]</value>
        <value condition="!String.IsEmpty(Container(5600).ListItem.Art(clearlogo))">$INFO[Container(5600).ListItem.Art(clearlogo)]</value>
    </variable>

    <variable name="Image_AddonInfo_Enable">
        <value condition="String.IsEqual(Control.GetLabel(7),$LOCALIZE[24021])">special://skin/extras/icons/enabled.png</value>
        <value>special://skin/extras/icons/disabled.png</value>
    </variable>

    <variable name="Image_AddonInfo_Install">
        <value condition="String.IsEqual(Control.GetLabel(6),$LOCALIZE[24037])">special://skin/extras/icons/uninstall.png</value>
        <value>special://skin/extras/icons/download.png</value>
    </variable>

    <variable name="Image_NowPlaying">
        <value condition="Player.Caching"></value>
        <value condition="Player.Paused">buttons/pause.png</value>
        <value condition="!Player.Paused">buttons/play.png</value>
    </variable>

    <variable name="Image_RipSource">
        <value condition="[String.Contains(ListItem.FileNameAndPath,2160p) | String.Contains(ListItem.FileNameAndPath,UHD) | String.Contains(ListItem.FileNameAndPath,UltraHD) | String.Contains(ListItem.FileNameAndPath,Ultra-HD) | String.Contains(ListItem.FileNameAndPath,4K)] + String.Contains(ListItem.FileNameAndPath,web-dl) | String.Contains(ListItem.FileNameAndPath,webdl) | String.Contains(ListItem.FileNameAndPath,WEBRip)">flags/$INFO[Skin.String(Icons)]/other/4K.png</value>
        <value condition="String.Contains(ListItem.FileNameAndPath,blu-ray) | String.Contains(ListItem.FileNameAndPath,bluray) | String.Contains(ListItem.FileNameAndPath,bdrip) | String.Contains(ListItem.FileNameAndPath,bd25) | String.Contains(ListItem.FileNameAndPath,bd50)">flags/$INFO[Skin.String(Icons)]/other/bluray.png</value>
        <value condition="String.Contains(ListItem.FileNameAndPath,hddvd) | String.Contains(ListItem.FileNameAndPath,hd-dvd)">flags/$INFO[Skin.String(Icons)]/source/hddvd.png</value>
        <value condition="String.Contains(ListItem.FileNameAndPath,dvd)">flags/$INFO[Skin.String(Icons)]/source/dvd.png</value>
        <value condition="String.Contains(ListItem.FileNameAndPath,hdtv) | String.Contains(ListItem.FileNameAndPath,pdtv) | String.Contains(ListItem.FileNameAndPath,dsr)">flags/$INFO[Skin.String(Icons)]/source/hdtv.png</value>
        <value condition="![String.Contains(ListItem.FileNameAndPath,2160p) | String.Contains(ListItem.FileNameAndPath,UHD) | String.Contains(ListItem.FileNameAndPath,UltraHD) | String.Contains(ListItem.FileNameAndPath,Ultra-HD) | String.Contains(ListItem.FileNameAndPath,4K)] + [String.Contains(ListItem.FileNameAndPath,web-dl) | String.Contains(ListItem.FileNameAndPath,webdl) | String.Contains(ListItem.FileNameAndPath,WEBRip)]">flags/$INFO[Skin.String(Icons)]/other/web-dl.png</value>
        <value>$INFO[Skin.String(FallbackSourceFlag)]</value>
    </variable>
    <variable name="Image_VideoPlayer_RipSource">
        <value condition="[String.Contains(Player.FileNameAndPath,2160p) | String.Contains(Player.FileNameAndPath,UHD) | String.Contains(Player.FileNameAndPath,UltraHD) | String.Contains(Player.FileNameAndPath,Ultra-HD) | String.Contains(Player.FileNameAndPath,4K)] + String.Contains(Player.FileNameAndPath,web-dl) | String.Contains(Player.FileNameAndPath,webdl) | String.Contains(Player.FileNameAndPath,WEBRip)">flags/$INFO[Skin.String(Icons)]/other/4K.png</value>
        <value condition="String.Contains(Player.FileNameAndPath,blu-ray) | String.Contains(Player.FileNameAndPath,bluray) | String.Contains(Player.FileNameAndPath,bdrip) | String.Contains(Player.FileNameAndPath,bd25) | String.Contains(Player.FileNameAndPath,bd50)">flags/$INFO[Skin.String(Icons)]/other/bluray.png</value>
        <value condition="String.Contains(Player.FileNameAndPath,hddvd) | String.Contains(Player.FileNameAndPath,hd-dvd)">flags/$INFO[Skin.String(Icons)]/source/hddvd.png</value>
        <value condition="String.Contains(Player.FileNameAndPath,dvd)">flags/$INFO[Skin.String(Icons)]/source/dvd.png</value>
        <value condition="String.Contains(Player.FileNameAndPath,hdtv) | String.Contains(Player.FileNameAndPath,pdtv) | String.Contains(Player.FileNameAndPath,dsr)">flags/$INFO[Skin.String(Icons)]/source/hdtv.png</value>
        <value condition="![String.Contains(Player.FileNameAndPath,2160p) | String.Contains(Player.FileNameAndPath,UHD) | String.Contains(Player.FileNameAndPath,UltraHD) | String.Contains(Player.FileNameAndPath,Ultra-HD) | String.Contains(Player.FileNameAndPath,4K)] + [String.Contains(Player.FileNameAndPath,web-dl) | String.Contains(Player.FileNameAndPath,webdl) | String.Contains(Player.FileNameAndPath,WEBRip)]">flags/$INFO[Skin.String(Icons)]/other/web-dl.png</value>
        <value>$INFO[Skin.String(FallbackSourceFlag)]</value>
    </variable>

    <variable name="Image_HDRCodec">
        <value condition="String.IsEqual(ListItem.HdrType,dolbyvision) | [Window.IsActive(fullscreenvideo) + String.IsEqual(VideoPlayer.HdrType,dolbyvision)]">flags/$INFO[Skin.String(Icons)]/other/dolbyvision.png</value>
        <value condition="String.Contains(ListItem.FileNameAndPath,hdr10plus) | [Window.IsActive(fullscreenvideo) + String.Contains(Player.FileNameAndPath,hdr10plus)]">flags/$INFO[Skin.String(Icons)]/other/hdr10plus.png</value>
        <value condition="String.IsEqual(ListItem.HdrType,hdr10) | [Window.IsActive(fullscreenvideo) + String.IsEqual(VideoPlayer.HdrType,hdr10)]">flags/$INFO[Skin.String(Icons)]/other/hdr10.png</value>
        <value condition="String.IsEqual(ListItem.HdrType,hlg) | [Window.IsActive(fullscreenvideo) + String.IsEqual(VideoPlayer.HdrType,hlg)]">flags/$INFO[Skin.String(Icons)]/other/hlg.png</value>
        <value condition="String.Contains(ListItem.FileNameAndPath,hdr) | [Window.IsActive(fullscreenvideo) + String.Contains(Player.FileNameAndPath,hdr)]">flags/$INFO[Skin.String(Icons)]/other/HDR.png</value>
    </variable>

    <variable name="Image_AudioCodec">
        <value condition="String.IsEqual(ListItem.AudioCodec,aac_latm) | [Window.IsActive(fullscreenvideo) + String.IsEqual(VideoPlayer.AudioCodec,aac_latm)] | [Window.IsActive(visualisation) + String.IsEqual(MusicPlayer.Codec,aac_latm)]">flags/$INFO[Skin.String(Icons)]/audio/aac.png</value>
        <value condition="String.IsEqual(ListItem.AudioCodec,avc) | [Window.IsActive(fullscreenvideo) + String.IsEqual(VideoPlayer.AudioCodec,avc)] | [Window.IsActive(visualisation) + String.IsEqual(MusicPlayer.Codec,avc)]">flags/$INFO[Skin.String(Icons)]/source/avc1.png</value>
        <value condition="String.IsEqual(ListItem.AudioCodec,dca) | [Window.IsActive(fullscreenvideo) + String.IsEqual(VideoPlayer.AudioCodec,dca)] | [Window.IsActive(visualisation) + String.IsEqual(MusicPlayer.Codec,dca)]">flags/$INFO[Skin.String(Icons)]/audio/dts.png</value>
        <value condition="[String.IsEqual(ListItem.AudioCodec,dtshd_ma) + [String.Contains(ListItem.FileNameAndPath,dts-x) | String.Contains(ListItem.FileNameAndPath,dtsx)]] | [Window.IsActive(fullscreenvideo) + [String.IsEqual(VideoPlayer.AudioCodec,dtshd_ma) + [String.Contains(Player.FileNameAndPath,dts-x) | String.Contains(Player.FileNameAndPath,dtsx)]]] | [Window.IsActive(visualisation) + String.IsEqual(MusicPlayer.Codec,dtshd_ma)]">flags/$INFO[Skin.String(Icons)]/audio/dtsx.png</value>
        <value condition="[String.IsEqual(ListItem.AudioCodec,dtsma) + [String.Contains(ListItem.FileNameAndPath,dts-x) | String.Contains(ListItem.FileNameAndPath,dtsx)]] | [Window.IsActive(fullscreenvideo) + [String.IsEqual(VideoPlayer.AudioCodec,dtsma) + [String.Contains(Player.FileNameAndPath,dts-x) | String.Contains(Player.FileNameAndPath,dtsx)]]] | [Window.IsActive(visualisation) + String.IsEqual(MusicPlayer.Codec,dtsma)]">flags/$INFO[Skin.String(Icons)]/audio/dtsx.png</value>
        <value condition="[String.IsEqual(ListItem.AudioCodec,eac3) + String.Contains(ListItem.FileNameAndPath,atmos)] | [Window.IsActive(fullscreenvideo) + [String.IsEqual(VideoPlayer.AudioCodec,eac3) + String.Contains(Player.FileNameAndPath,atmos)]] | [Window.IsActive(visualisation) + String.IsEqual(MusicPlayer.Codec,eac3)]">flags/$INFO[Skin.String(Icons)]/audio/atmos.png</value>
        <value condition="String.IsEqual(ListItem.AudioCodec,eac3) | [Window.IsActive(fullscreenvideo) + String.IsEqual(VideoPlayer.AudioCodec,eac3)] | [Window.IsActive(visualisation) + String.IsEqual(MusicPlayer.Codec,eac3)]">flags/$INFO[Skin.String(Icons)]/audio/eac3.png</value>
        <value condition="[String.IsEqual(ListItem.AudioCodec,truehd) + String.Contains(ListItem.FileNameAndPath,atmos)] | [Window.IsActive(fullscreenvideo) + [String.IsEqual(VideoPlayer.AudioCodec,truehd) + String.Contains(Player.FileNameAndPath,atmos)]] | [Window.IsActive(visualisation) + String.IsEqual(MusicPlayer.Codec,truehd)]">flags/$INFO[Skin.String(Icons)]/audio/atmos.png</value>
        <value condition="String.IsEqual(ListItem.AudioCodec,wavpack) | [Window.IsActive(fullscreenvideo) + String.IsEqual(VideoPlayer.AudioCodec,wavpack)] | [Window.IsActive(visualisation) + String.IsEqual(MusicPlayer.Codec,wavpack)]">flags/$INFO[Skin.String(Icons)]/audio/wav.png</value>
        <value condition="Window.IsActive(fullscreenvideo)">flags/$INFO[Skin.String(Icons)]/audio/$INFO[VideoPlayer.AudioCodec].png</value>
        <value condition="Window.IsActive(visualisation)">flags/$INFO[Skin.String(Icons)]/audio/$INFO[MusicPlayer.Codec].png</value>
        <value>flags/$INFO[Skin.String(Icons)]/audio/$INFO[ListItem.AudioCodec].png</value>
    </variable>

    <variable name="Image_OSD_Artwork">
        <value condition="!String.IsEmpty(VideoPlayer.Art(poster))">$INFO[VideoPlayer.Art(poster)]</value>
        <value condition="!String.IsEmpty(VideoPlayer.Art(tvshow.poster))">$INFO[VideoPlayer.Art(tvshow.poster)]</value>
        <value condition="!String.IsEmpty(Player.Art(poster))">$INFO[Player.Art(poster)]</value>
        <value condition="!String.IsEmpty(Player.Art(tvshow.poster))">$INFO[Player.Art(tvshow.poster)]</value>
        <value>$INFO[VideoPlayer.Cover]</value>
    </variable>

    <variable name="Image_ArtistFanartVis">
        <value condition="System.HasAddon(script.artistslideshow) + !Skin.HasSetting(ArtistSlideShow.Disabled) + !String.IsEmpty(Window(Visualisation).Property(ArtistSlideshow.Image))">$INFO[Window(Visualisation).Property(ArtistSlideshow.Image)]</value>
        <value condition="[!System.HasAddon(script.artistslideshow) | Skin.HasSetting(ArtistSlideShow.Disabled) | String.IsEmpty(Window(Visualisation).Property(ArtistSlideshow.Image))] + !String.IsEmpty(Player.Art(fanart))">$INFO[Player.Art(fanart)]</value>
        <value>common/null.png</value>
    </variable>

    <variable name="Image_AutoUpdate">
        <value condition="String.Contains(Control.GetLabel(13),*)">special://skin/extras/icons/antenna-on.png</value>
        <value>special://skin/extras/icons/antenna.png</value>
    </variable>

    <variable name="Image_AddonImage">
        <value condition="!String.IsEmpty(Container.PluginName) + !String.EndsWith(ListItem.Icon,icon.png)">special://home/addons/$INFO[Container.PluginName]/icon.png</value>
        <value condition="String.EndsWith(ListItem.Icon,icon.png)">$INFO[ListItem.Icon]</value>
    </variable>

    <variable name="Image_Player_Clearart">
        <value condition="!String.IsEmpty(Player.Art(tvshow.clearart))">$INFO[Player.Art(tvshow.clearart)]</value>
        <value condition="!String.IsEmpty(Player.Art(clearart))">$INFO[Player.Art(clearart)]</value>
        <value condition="!String.IsEmpty(Player.Art(tvshow.clearlogo))">$INFO[Player.Art(tvshow.clearlogo)]</value>
        <value condition="!String.IsEmpty(Player.Art(clearlogo))">$INFO[Player.Art(clearlogo)]</value>
    </variable>

    <variable name="Image_Clearlogo">
        <value condition="Skin.HasSetting(TMDBhCrop) + !String.IsEmpty(Window(Home).Property(TMDBHelper.ListItem.CropImage))">$INFO[Window(Home).Property(TMDbHelper.ListItem.CropImage)]</value>
        <value condition="!String.IsEmpty(ListItem.Art(clearlogo))">$INFO[ListItem.Art(clearlogo)]</value>
        <value condition="!String.IsEmpty(ListItem.Art(tvshow.clearlogo))">$INFO[ListItem.Art(tvshow.clearlogo)]</value>
        <value condition="!String.IsEmpty(ListItem.Art(artist.clearlogo))">$INFO[ListItem.Art(artist.clearlogo)]</value>
    </variable>
    <variable name="Image_Player_Clearlogo">
        <value condition="Skin.HasSetting(TMDBhCrop) + !String.IsEmpty(Window(Home).Property(TMDBHelper.Player.CropImage))">$INFO[Window(Home).Property(TMDbHelper.Player.CropImage)]</value>
        <value condition="!String.IsEmpty(Player.Art(clearlogo))">$INFO[Player.Art(clearlogo)]</value>
        <value condition="!String.IsEmpty(Player.Art(tvshow.clearlogo))">$INFO[Player.Art(tvshow.clearlogo)]</value>
        <value condition="!String.IsEmpty(Player.Art(artist.clearlogo))">$INFO[Player.Art(artist.clearlogo)]</value>
    </variable>

    <variable name="Image_Watched">
        <value condition="System.Setting(hidewatched)">special://skin/extras/icons/watched-hide.png</value>
        <value>special://skin/extras/icons/watched-show.png</value>
    </variable>
    <variable name="Image_Filtered">
        <value condition="Container.Filtered">special://skin/extras/icons/filter-on.png</value>
        <value>special://skin/extras/icons/filter-off.png</value>
    </variable>

    <variable name="Image_GenreIcons">
        <value>$VAR[Image_GenreIcons_Path]$INFO[ListItem.Label,,.png]</value>
    </variable>

    <variable name="Image_GenreIcons_Path">
        <value condition="System.HasAddon(resource.images.moviegenreicons.horizon)">resource://resource.images.moviegenreicons.horizon/</value>
        <value condition="System.HasAddon(resource.images.moviegenreicons.transparent)">resource://resource.images.moviegenreicons.transparent/</value>
    </variable>

    <variable name="Image_Overlay_List">
        <value condition="ListItem.IsPlaying">indicator/play.png</value>
        <value condition="ListItem.IsResumable + Integer.IsGreater(ListItem.PercentPlayed,66)">indicator/inprogress-75.png</value>
        <value condition="ListItem.IsResumable + Integer.IsGreater(ListItem.PercentPlayed,33)">indicator/inprogress-50.png</value>
        <value condition="[ListItem.IsResumable + !Integer.IsEqual(ListItem.PercentPlayed,100)] | [!String.IsEmpty(ListItem.Property(WatchedProgress)) + !Integer.IsEqual(ListItem.Property(WatchedProgress),0) + !Integer.IsEqual(ListItem.Property(WatchedProgress),100)] | [!Integer.IsEqual(ListItem.Progress,0) + !Integer.IsEqual(ListItem.Progress,100)]">indicator/inprogress-25.png</value>
        <value condition="String.IsEqual(ListItem.Overlay,OverlayWatched.png) | Integer.IsGreater(ListItem.PlayCount,0)">indicator/checkmark-fo.png</value>
        <value condition="[Window.IsVisible(DialogVideoInfo.xml) | Window.IsVisible(1190) | Window.IsVisible(1140)] + !String.IsEmpty(ListItem.DBID)">indicator/library.png</value>
        <value condition="ListItem.IsCollection | ListItem.HasVideoVersions">indicator/movieset.png</value>
        <value condition="ListItem.IsFolder">indicator/folder.png</value>
        <value>indicator/library.png</value>
    </variable>

    <variable name="Image_Overlay">
        <value condition="ListItem.IsPlaying">indicator/play.png</value>
        <value condition="ListItem.IsResumable + Integer.IsGreater(ListItem.PercentPlayed,66)">indicator/inprogress-75.png</value>
        <value condition="ListItem.IsResumable + Integer.IsGreater(ListItem.PercentPlayed,33)">indicator/inprogress-50.png</value>
        <value condition="[ListItem.IsResumable + !Integer.IsEqual(ListItem.PercentPlayed,100)] | [!String.IsEmpty(ListItem.Property(WatchedProgress)) + !Integer.IsEqual(ListItem.Property(WatchedProgress),0) + !Integer.IsEqual(ListItem.Property(WatchedProgress),100)] | [!Integer.IsEqual(ListItem.Progress,0) + !Integer.IsEqual(ListItem.Progress,100)]">indicator/inprogress-25.png</value>
        <value condition="[String.IsEqual(ListItem.DBType,tvshow) | String.IsEqual(ListItem.DBType,season) | String.IsEqual(ListItem.DBType,episode)] + !Integer.IsEqual(ListItem.Property(UnWatchedEpisodes),0) + !Integer.IsEqual(ListItem.Property(WatchedEpisodes),0) + !ListItem.IsResumable">common/null.png</value>
        <value condition="String.IsEqual(ListItem.Overlay,OverlayWatched.png) | Integer.IsGreater(ListItem.PlayCount,0)">indicator/checkmark.png</value>
        <value condition="[Window.IsVisible(DialogVideoInfo.xml) | Window.IsVisible(1190) | Window.IsVisible(1140)]+ !String.IsEmpty(ListItem.DBID)">indicator/library.png</value>
        <value condition="ListItem.IsCollection | ListItem.HasVideoVersions">indicator/movieset.png</value>
    </variable>
    <variable name="Image_Overlay_Focus">
        <value condition="ListItem.IsPlaying">indicator/play.png</value>
        <value condition="ListItem.IsResumable + Integer.IsGreater(ListItem.PercentPlayed,66)">indicator/inprogress-75.png</value>
        <value condition="ListItem.IsResumable + Integer.IsGreater(ListItem.PercentPlayed,33)">indicator/inprogress-50.png</value>
        <value condition="[ListItem.IsResumable + !Integer.IsEqual(ListItem.PercentPlayed,100)] | [!String.IsEmpty(ListItem.Property(WatchedProgress)) + !Integer.IsEqual(ListItem.Property(WatchedProgress),0) + !Integer.IsEqual(ListItem.Property(WatchedProgress),100)] | [!Integer.IsEqual(ListItem.Progress,0) + !Integer.IsEqual(ListItem.Progress,100)]">indicator/inprogress-25.png</value>
        <value condition="[String.IsEqual(ListItem.DBType,tvshow) | String.IsEqual(ListItem.DBType,season) | String.IsEqual(ListItem.DBType,episode)] + !Integer.IsEqual(ListItem.Property(UnWatchedEpisodes),0) + !Integer.IsEqual(ListItem.Property(WatchedEpisodes),0) + !ListItem.IsResumable">common/null.png</value>
        <value condition="String.IsEqual(ListItem.Overlay,OverlayWatched.png) | Integer.IsGreater(ListItem.PlayCount,0)">indicator/checkmark.png</value>
        <value condition="[Window.IsVisible(DialogVideoInfo.xml) | Window.IsVisible(1190) | Window.IsVisible(1140)]+ !String.IsEmpty(ListItem.DBID)">indicator/library.png</value>
        <value condition="ListItem.IsCollection | ListItem.HasVideoVersions">indicator/movieset.png</value>
    </variable>

    <variable name="Image_Overlay_CircleBG">
        <value condition="[Window.IsVisible(DialogVideoInfo.xml) | Window.IsVisible(1190) | Window.IsVisible(1140)] + !String.IsEmpty(ListItem.DBID)">indicator/circle-bg.png</value>
        <value condition="ListItem.IsPlaying">indicator/circle-bg.png</value>
        <value condition="[ListItem.IsResumable + !Integer.IsEqual(ListItem.PercentPlayed,100)] | [!String.IsEmpty(ListItem.Property(WatchedProgress)) + !Integer.IsEqual(ListItem.Property(WatchedProgress),0) + !Integer.IsEqual(ListItem.Property(WatchedProgress),100)] | [!Integer.IsEqual(ListItem.Progress,0) + !Integer.IsEqual(ListItem.Progress,100)]">indicator/circle-bg.png</value>
        <value condition="String.IsEqual(ListItem.Overlay,OverlayWatched.png) | Integer.IsGreater(ListItem.PlayCount,0)">indicator/circle-bg.png</value>
        <value condition="ListItem.IsCollection | ListItem.HasVideoVersions">indicator/circle-bg.png</value>
        <value condition="Integer.IsGreater(ListItem.Property(UnWatchedEpisodes),0) + [!Integer.IsEqual(ListItem.Property(WatchedEpisodes),0) | Skin.HasSetting(UnwatchedCountIndicator)] + [String.IsEqual(ListItem.DBType,tvshow) | String.IsEqual(ListItem.DBType,season) | String.IsEqual(ListItem.DBType,episode)]">indicator/circle-bg.png</value>
    </variable>
    <variable name="Image_Overlay_CircleFO">
        <value condition="[Window.IsVisible(DialogVideoInfo.xml) | Window.IsVisible(1190) | Window.IsVisible(1140)] + !String.IsEmpty(ListItem.DBID)">indicator/circle-fo.png</value>
        <value condition="ListItem.IsPlaying">indicator/circle-fo.png</value>
        <value condition="[ListItem.IsResumable + !Integer.IsEqual(ListItem.PercentPlayed,100)] | [!String.IsEmpty(ListItem.Property(WatchedProgress)) + !Integer.IsEqual(ListItem.Property(WatchedProgress),0) + !Integer.IsEqual(ListItem.Property(WatchedProgress),100)] | [!Integer.IsEqual(ListItem.Progress,0) + !Integer.IsEqual(ListItem.Progress,100)]">indicator/circle-fo.png</value>
        <value condition="String.IsEqual(ListItem.Overlay,OverlayWatched.png) | Integer.IsGreater(ListItem.PlayCount,0)">indicator/circle-fo.png</value>
        <value condition="ListItem.IsCollection | ListItem.HasVideoVersions">indicator/circle-fo.png</value>
        <value condition="Integer.IsGreater(ListItem.Property(UnWatchedEpisodes),0) + [!Integer.IsEqual(ListItem.Property(WatchedEpisodes),0) | Skin.HasSetting(UnwatchedCountIndicator)] + [String.IsEqual(ListItem.DBType,tvshow) | String.IsEqual(ListItem.DBType,season) | String.IsEqual(ListItem.DBType,episode)]">indicator/circle-fo.png</value>
    </variable>

    <variable name="Image_Poster_ListItem">
        <value condition="!String.IsEmpty(ListItem.Art(poster))">$INFO[ListItem.Art(poster)]</value>
        <value condition="!String.IsEmpty(ListItem.Art(season.poster))">$INFO[ListItem.Art(season.poster)]</value>
        <value condition="!String.IsEmpty(ListItem.Art(tvshow.poster))">$INFO[ListItem.Art(tvshow.poster)]</value>
        <value condition="!String.IsEmpty(ListItem.Icon)">$INFO[ListItem.Icon]</value>
    </variable>
    <variable name="Image_Poster">
        <value condition="!String.IsEmpty(ListItem.Art(season.poster)) + !Window.IsVisible(Home)">$INFO[ListItem.Art(season.poster)]</value>
        <value condition="$EXP[InGameMode]">$VAR[ROM_Simple_Art_Main]</value>
        <value condition="!String.IsEmpty(ListItem.Art(poster))">$INFO[ListItem.Art(poster)]</value>
        <value condition="!String.IsEmpty(ListItem.Art(tvshow.poster))">$INFO[ListItem.Art(tvshow.poster)]</value>
        <value condition="!String.IsEmpty(Container.Art(season.poster)) + !Window.IsVisible(Home)">$INFO[Container.Art(season.poster)]</value>
        <value condition="!String.IsEmpty(Container.Art(poster))">$INFO[Container.Art(poster)]</value>
        <value condition="!String.IsEmpty(Container.Art(tvshow.poster))">$INFO[Container.Art(tvshow.poster)]</value>
        <value>$INFO[ListItem.Icon]</value>
    </variable>

    <variable name="Image_Banner">
        <value condition="!String.IsEmpty(ListItem.Art(banner))">$INFO[ListItem.Art(banner)]</value>
        <value condition="!String.IsEmpty(ListItem.Art(tvshow.banner))">$INFO[ListItem.Art(tvshow.banner)]</value>
        <value condition="!String.IsEmpty(ListItem.Art(fanart))">$INFO[ListItem.Art(fanart)]</value>
        <value condition="!String.IsEmpty(ListItem.Art(tvshow.fanart))">$INFO[ListItem.Art(tvshow.fanart)]</value>
        <value condition="!String.IsEmpty(Container.Art(tvshow.banner))">$INFO[Container.Art(tvshow.banner)]</value>
        <value condition="!String.IsEmpty(Container.Art(banner))">$INFO[Container.Art(banner)]</value>
        <value condition="!String.IsEmpty(Container.Art(tvshow.banner))">$INFO[Container.Art(tvshow.banner)]</value>
        <value condition="!String.IsEmpty(Container.Art(fanart))">$INFO[Container.Art(fanart)]</value>
        <value condition="!String.IsEmpty(Container.Art(tvshow.fanart))">$INFO[Container.Art(tvshow.fanart)]</value>
        <value condition="!String.IsEmpty(Container.Art(tvshow.banner))">$INFO[Container.Art(tvshow.banner)]</value>
        <value>$INFO[ListItem.Icon]</value>
    </variable>

    <variable name="Image_Landscape">
        <value condition="!String.IsEmpty(ListItem.Art(thumb)) + [String.IsEqual(ListItem.DBType,episode) | String.IsEqual(ListItem.DBType,video)] + String.IsEmpty(ListItem.Property(airday))">$INFO[ListItem.Art(thumb)]</value>
        <value condition="!String.IsEmpty(ListItem.Art(snap))">$INFO[ListItem.Art(snap)]</value>
        <value condition="!String.IsEmpty(ListItem.Art(landscape)) + !Skin.HasSetting(LandscapeArt)">$INFO[ListItem.Art(landscape)]</value>
        <value condition="!String.IsEmpty(ListItem.Art(tvshow.landscape)) + !Skin.HasSetting(LandscapeArt)">$INFO[ListItem.Art(thumb)]</value>
        <value condition="!String.IsEmpty(ListItem.Property(fanart))">$INFO[ListItem.Property(fanart)]</value>
        <value condition="!String.IsEmpty(ListItem.Art(fanart))">$INFO[ListItem.Art(fanart)]</value>
        <value condition="!String.IsEmpty(ListItem.Art(tvshow.fanart))">$INFO[ListItem.Art(tvshow.fanart)]</value>
        <value condition="!String.IsEmpty(ListItem.Thumb)">$INFO[ListItem.Thumb]</value>
        <value condition="!String.IsEmpty(ListItem.Art(thumb))">$INFO[ListItem.Art(thumb)]</value>
        <value condition="!String.IsEmpty(Container.Art(landscape)) + !Skin.HasSetting(LandscapeArt)">$INFO[Container.Art(landscape)]</value>
        <value condition="!String.IsEmpty(Container.Art(tvshow.landscape)) + !Skin.HasSetting(LandscapeArt)">$INFO[Container.Art(tvshow.landscape)]</value>
        <value condition="!String.IsEmpty(Container.Property(fanart))">$INFO[Container.Property(fanart)]</value>
        <value condition="!String.IsEmpty(Container.Art(fanart))">$INFO[Container.Art(fanart)]</value>
        <value condition="!String.IsEmpty(Container.Art(tvshow.fanart))">$INFO[Container.Art(tvshow.fanart)]</value>
        <value condition="!String.IsEmpty(Container.Thumb)">$INFO[Container.Thumb]</value>
        <value condition="!String.IsEmpty(Container.Art(thumb))">$INFO[Container.Art(thumb)]</value>
        <value>$INFO[ListItem.Icon]</value>
    </variable>

    <variable name="Image_Landscape_Small">
        <value condition="!String.IsEmpty(ListItem.Art(thumb)) + [String.IsEqual(ListItem.DBType,episode) | String.IsEqual(ListItem.DBType,video)] + String.IsEmpty(ListItem.Property(airday))+ !String.IsEqual(ListItem.Art(thumb),ListItem.Art(fanart))">$INFO[ListItem.Art(thumb)]</value>
        <value condition="!String.IsEmpty(ListItem.Art(snap))">$INFO[ListItem.Art(snap)]</value>
        <value condition="!String.IsEmpty(ListItem.Art(landscape)) + Skin.HasSetting(LandscapeArt)">$INFO[ListItem.Art(landscape)]</value>
        <value condition="!String.IsEmpty(ListItem.Art(tvshow.landscape)) + Skin.HasSetting(LandscapeArt)">$INFO[ListItem.Art(tvshow.landscape)]</value>
        <value condition="!String.IsEmpty(ListItem.Property(fanart))">$INFO[ListItem.Property(fanart)]</value>
        <value condition="!String.IsEmpty(ListItem.Art(fanart))">$INFO[ListItem.Art(fanart)]</value>
        <value condition="!String.IsEmpty(ListItem.Art(tvshow.fanart))">$INFO[ListItem.Art(tvshow.fanart)]</value>
        <value condition="!String.IsEmpty(ListItem.Thumb)">$INFO[ListItem.Thumb]</value>
        <value condition="!String.IsEmpty(ListItem.Art(thumb))">$INFO[ListItem.Art(tvshow.landscape)]</value>
        <value condition="!String.IsEmpty(Container.Art(landscape)) + Skin.HasSetting(LandscapeArt)">$INFO[Container.Art(landscape)]</value>
        <value condition="!String.IsEmpty(Container.Art(tvshow.landscape)) + Skin.HasSetting(LandscapeArt)">$INFO[Container.Art(tvshow.landscape)]</value>
        <value condition="!String.IsEmpty(Container.Property(fanart))">$INFO[Container.Property(fanart)]</value>
        <value condition="!String.IsEmpty(Container.Art(fanart))">$INFO[Container.Art(fanart)]</value>
        <value condition="!String.IsEmpty(Container.Art(tvshow.fanart))">$INFO[Container.Art(tvshow.fanart)]</value>
        <value condition="!String.IsEmpty(Container.Thumb)">$INFO[Container.Thumb]</value>
        <value condition="!String.IsEmpty(Container.Art(thumb))">$INFO[Container.Art(thumb)]</value>
        <value>$INFO[ListItem.Icon]</value>
    </variable>

    <variable name="Image_Fanart">
        <value condition="!String.IsEmpty(ListItem.Property(fanart))">$INFO[ListItem.Property(fanart)]</value>
        <value condition="!String.IsEmpty(ListItem.Art(fanart))">$INFO[ListItem.Art(fanart)]</value>
        <value condition="!String.IsEmpty(ListItem.Art(tvshow.fanart))">$INFO[ListItem.Art(tvshow.fanart)]</value>
        <value condition="!String.IsEmpty(Container.Property(fanart))">$INFO[Container.Property(fanart)]</value>
        <value condition="!String.IsEmpty(Container.Art(fanart))">$INFO[Container.Art(fanart)]</value>
        <value condition="!String.IsEmpty(Container.Art(tvshow.fanart))">$INFO[Container.Art(tvshow.fanart)]</value>
        <value>$INFO[ListItem.Icon]</value>
    </variable>

    <variable name="Image_DiscArt">
        <value condition="!String.IsEmpty(ListItem.Art(discart))">$INFO[ListItem.Art(discart)]</value>
        <value condition="!String.IsEmpty(ListItem.Art(album.discart))">$INFO[ListItem.Art(album.discart)]</value>
        <value condition="!String.IsEmpty(Player.Art(discart))">$INFO[Player.Art(discart)]</value>
        <value condition="!String.IsEmpty(Player.Art(album.discart))">$INFO[Player.Art(album.discart)]</value>
        <value>$INFO[Player.Art(albumartist.thumb)]</value>
    </variable>

    <variable name="Image_IsCurrentStream">
        <value condition="!String.IsEmpty(ListItem.Property(iscurrent))">buttons/check-on.png</value>
        <value>buttons/check-off.png</value>
    </variable>

    <variable name="Image_Background_Blur">
        <value condition="!String.IsEmpty(Window(Home).Property(TMDbHelper.ListItem.BlurImage))">$INFO[Window(Home).Property(TMDbHelper.ListItem.BlurImage)]</value>
        <value condition="!String.IsEmpty(Skin.String(fanart.fallback))">$INFO[Skin.String(fanart.fallback)]</value>
        <value>special://skin/extras/backgrounds/bg2.jpg</value>
    </variable>

    <variable name="Image_Foreground">
        <value>$INFO[Window(Home).Property(TMDbHelper.ListItem.BlurImage.Original)]</value>
    </variable>

    <variable name="Image_SimpleBackground">
        <value condition="!String.IsEmpty(Skin.String(fanart.fallback))">$INFO[Skin.String(fanart.fallback)]</value>
        <value>special://skin/extras/backgrounds/bg2.jpg</value>
    </variable>

    <variable name="Image_Startup">
        <value condition="!String.IsEmpty(Skin.String(StartupImage))">$INFO[Skin.String(StartupImage)]</value>
        <value>special://skin/extras/backgrounds/bg2.jpg</value>
    </variable>

    <variable name="Image_Player_RottenTomatoes">
        <value condition="String.IsEqual(Window(Home).Property(TMDbHelper.Player.RottenTomatoes_Image),certified)">certified.png</value>
        <value condition="String.IsEqual(Window(Home).Property(TMDbHelper.Player.RottenTomatoes_Image),fresh)">rtfresh.png</value>
        <value condition="String.IsEqual(Window(Home).Property(TMDbHelper.Player.RottenTomatoes_Image),rotten)">rtrotten.png</value>
        <value condition="Integer.IsGreater(Window(Home).Property(TMDbHelper.Player.RottenTomatoes_Rating),59)">rtfresh.png</value>
        <value>rtrotten.png</value>
    </variable>

    <variable name="Image_ListItem_RottenTomatoes">
        <value condition="String.IsEqual(Window(Home).Property(TMDbHelper.ListItem.RottenTomatoes_Image),certified)">certified.png</value>
        <value condition="String.IsEqual(Window(Home).Property(TMDbHelper.ListItem.RottenTomatoes_Image),fresh)">rtfresh.png</value>
        <value condition="String.IsEqual(Window(Home).Property(TMDbHelper.ListItem.RottenTomatoes_Image),rotten)">rtrotten.png</value>
        <value condition="Integer.IsGreater(Window(Home).Property(TMDbHelper.ListItem.RottenTomatoes_Rating),59)">rtfresh.png</value>
        <value>rtrotten.png</value>
    </variable>

     <variable name="Image_Player_RottenTomatoes_UserMeter">
        <value condition="Integer.IsGreater(Window(Home).Property(TMDbHelper.Player.RottenTomatoes_UserMeter),59) | String.IsEmpty(Window(Home).Property(TMDbHelper.Player.RottenTomatoes_UserMeter))">popcorn.png</value>
        <value>popcorn_spilt.png</value>
    </variable>

    <variable name="Image_ListItem_RottenTomatoes_UserMeter">
        <value condition="Integer.IsGreater(Window(Home).Property(TMDbHelper.ListItem.RottenTomatoes_UserMeter),59) | String.IsEmpty(Window(Home).Property(TMDbHelper.ListItem.RottenTomatoes_UserMeter))">popcorn.png</value>
        <value>popcorn_spilt.png</value>
    </variable>
</includes>
