{
    "name"              : "ABC iView",
    "plugin"            : "plugin.video.abc_iview",
    "priority"          : 1000,
    "provider"          : "ABC iview",
    "is_resolvable"     : "true",
    "assert"            : {
                            "play_movie":       ["title", "year"],
                            "play_episode":     ["showname", "season", "episode"],
                            "search_movie":     ["title"],
                            "search_episode":   ["showname"]
                          },
    "play_movie"        : [
                            "plugin://plugin.video.abc_iview/?action=searchhistory&name={title_url}",
                            {"label": "(?i){title}"},
                            {"label": "(?i){title}"}
                          ],
    "search_movie"      : "plugin://plugin.video.abc_iview/?action=searchhistory&name={title_url}",
    "play_episode"      : [
                            "plugin://plugin.video.abc_iview/?action=searchhistory&name={showname_url}",
                            {"label": "(?i){showname}"},
                            {"return": "true", "label": "(?i).*S{season} Episode {episode}.*"},
                            {"label": "^Season {season}$"},
                            {"return": "true", "label": "(?i).*S{season} Episode {episode}.*"},
                            {"dialog": "true"}
                          ],
    "search_episode"    : "plugin://plugin.video.abc_iview/?action=searchhistory&name={showname_url}"
}