<?xml version="1.0" encoding="UTF-8"?>
<window id="20">
    <defaultcontrol always="true">50</defaultcontrol>
    <menucontrol>300</menucontrol>
    <views>50,500,510,517,512,527</views>
    <controls>
        <include>Global_Background</include>
        <include>Topbar</include>
        <control type="group">
            <visible allowhiddenfocus="true">!$EXP[Exp_ShowPlotOverlay]</visible>
            <include>Animation_FadeInOut</include>
            <include>View_50_List</include>
            <include>View_500_List_Square</include>
            <include>View_510_Wall_Square</include>
            <include>View_517_Wall_Square2</include>
            <include>View_512_Wall_Icons</include>
            <include>View_527_Showcase_Square2</include>
            <include>Object_Scrollbars</include>
        </control>

        <control type="list" id="300">
            <ondown>50</ondown>
            <include>Topbar_Menu_Layout</include>
            <include>Items_View</include>
        </control>
        <!-- Hidden Buttons -->
        <include>Defs_Options_StandardButtons</include>
        <control type="button" id="5">
            <description>Settings</description>
            <label>5</label>
            <include>Defs_Hidden_Button</include>
        </control>
        <control type="button" id="9">
            <description>Check for updates</description>
            <label>24034</label>
            <include>Defs_Hidden_Button</include>
        </control>
        <control type="radiobutton" id="7">
            <description>Hide Foriegn</description>
            <label>25001</label>
            <include>Defs_Hidden_Button</include>
        </control>
        <control type="radiobutton" id="8">
            <description>Hide incompat</description>
            <label>24999</label>
            <include>Defs_Hidden_Button</include>
        </control>
    </controls>

</window>