<?xml version="1.0" encoding="UTF-8"?>
<window type="window" id="1190">
    <onload>SetProperty(Header_Left_Text,$LOCALIZE[19033])</onload>
    <controls>
        <include condition="!Window.IsVisible(fullscreenvideo) + !Player.HasMedia">Global_Background</include>
        <include condition="Player.HasMedia">OSD_ExtendedInfo_Background</include>
        <include>Topbar</include>
        <control type="group">
            <visible>!$EXP[Exp_InfoVisible]</visible>
            <include>Dialog_Busy</include>
        </control>
    </controls>
</window>
