<?xml version="1.0" encoding="UTF-8"?>
<window>
    <defaultcontrol always="true">3012</defaultcontrol>
    <onload>Dialog.Close(fullscreeninfo,true)</onload>
    <onload>Dialog.Close(videoosd,true)</onload>
    <controls>
        <control type="group">
            <control type="image">
                <height>300</height>
                <top>-100</top>
                <left>-380</left>
                <width>1500</width>
                <texture>common/shadowspot.png</texture>
            </control>
            <control type="group">
                <left>view_pad</left>
                <right>view_pad</right>
                <top>40</top>
                <control type="grouplist" id="20">
                    <left>-16</left>
                    <top>-16</top>
                    <height>90</height>
                    <orientation>horizontal</orientation>
                    <itemgap>0</itemgap>
                    <include content="Object_IconicButton">
                        <param name="id" value="3012" />
                        <param name="groupid" value="9010" />
                        <param name="label" value="$VAR[Label_UpNext_Play]" />
                        <param name="icon" value="special://skin/extras/icons/play3.png" />
                    </include>
                    <include content="Object_IconicButton">
                        <param name="id" value="3013" />
                        <param name="groupid" value="9013" />
                        <param name="label" value="$ADDON[service.upnext 30033]" />
                        <param name="icon" value="special://skin/extras/icons/disabled.png" />
                    </include>
                </control>
            </control>
        </control>
        <control type="progress" id="3014">
            <visible>false</visible>
        </control>
    </controls>
</window>