<?xml version="1.0" encoding="UTF-8" standalone="yes"?>
<addon id="repository.dendygh" name="DenDyGH Repository" version="1.1" provider-name="DenDyGH">
    <extension point="xbmc.addon.repository" name="DenDyGH Repository">
        <dir minversion="19.9.1" maxversion="20.9.0">
            <info compressed="false">https://raw.githubusercontent.com/DenDyGH/dendygh.github.io/main/nexus/zips/addons.xml</info>
            <checksum>https://raw.githubusercontent.com/DenDyGH/dendygh.github.io/main/nexus/zips/addons.xml.md5</checksum>
            <datadir zip="true">https://raw.githubusercontent.com/DenDyGH/dendygh.github.io/main/nexus/zips/</datadir>
        </dir>
        <dir minversion="20.9.1">
            <info compressed="false">https://raw.githubusercontent.com/DenDyGH/dendygh.github.io/main/omega/zips/addons.xml</info>
            <checksum>https://raw.githubusercontent.com/DenDyGH/dendygh.github.io/main/omega/zips/addons.xml.md5</checksum>
            <datadir zip="true">https://raw.githubusercontent.com/DenDyGH/dendygh.github.io/main/omega/zips/</datadir>
        </dir>
    </extension>
    <extension point="xbmc.addon.metadata">
        <summary>DenDyGH Repository</summary>
        <description>A DenDyGH Repository</description>
        <disclaimer></disclaimer>
        <platform>all</platform>
        <assets>
            <icon></icon>
            <fanart></fanart>
        </assets>
    </extension>
</addon>